{
    "@odata.context": "/redfish/v1/$metadata#JobService.JobService",
    "@odata.id": "/redfish/v1/JobService",
    "@odata.type": "#JobService.v1_0_6.JobService",
    "DateTime": "2025-04-03T16:36:31-05:00",
    "Description": "Represent a job service for a Redfish",
    "Id": "JobService",
    "Jobs": {
        "@odata.id": "/redfish/v1/JobService/Jobs"
    },
    "Log": {
        "@odata.id": "/redfish/v1/Managers/iDRAC.Embedded.1/LogServices/Lclog"
    },
    "Name": "Job Service",
    "ServiceCapabilities": {
        "MaxSteps": 1,
        "Scheduling": true,
        "MaxJobs": 256
    },
    "ServiceEnabled": true,
    "Status": {
        "State": "Enabled",
        "Health": "OK"
    }
}