{
    "@odata.context": "/redfish/v1/$metadata#JsonSchemaFile.JsonSchemaFile",
    "@odata.id": "/redfish/v1/JsonSchemas/DellEnvironmentMetrics",
    "@odata.type": "#JsonSchemaFile.v1_1_5.JsonSchemaFile",
    "Description": "DellEnvironmentMetrics Schema File Location",
    "Id": "DellEnvironmentMetrics",
    "Languages": [
        "en"
    ],
    "Languages@odata.count": 1,
    "Location": [
        {
            "Language": "en",
            "PublicationUri": "http://downloads.dell.com/redfish/bmc/schemas/DellEnvironmentMetrics.json",
            "Uri": "/redfish/v1/Schemas/DellEnvironmentMetrics.json"
        }
    ],
    "Location@odata.count": 1,
    "Name": "DellEnvironmentMetrics Schema File",
    "Schema": "#DellEnvironmentMetrics.DellEnvironmentMetrics"
}