{
    "@odata.context": "/redfish/v1/$metadata#DellAssembly.DellAssembly",
    "@odata.id": "/redfish/v1/Chassis/System.Embedded.1/Oem/Dell/DellAssembly/Enclosure.Internal.0-1_0x23_FRU",
    "@odata.type": "#DellAssembly.v1_1_0.DellAssembly",
    "Description": "This resource shall be used to represent an assembly information.",
    "DeviceFQDD": "Enclosure.Internal.0-1",
    "Id": "Enclosure.Internal.0-1_0x23_FRU",
    "MACAddress": null,
    "Name": "DellAssembly",
    "PackageType": "CrossConnect/Backplane",
    "SDKVersion": null,
    "SerialNumber": "CNIVC0032O1199",
    "VendorIANA": null
}