{
    "@odata.context": "/redfish/v1/$metadata#JsonSchemaFile.JsonSchemaFile",
    "@odata.id": "/redfish/v1/JsonSchemas/DellLCService.v1_8_1",
    "@odata.type": "#JsonSchemaFile.v1_1_5.JsonSchemaFile",
    "Description": "DellLCService Schema File Location",
    "Id": "DellLCService.v1_8_1",
    "Languages": [
        "en"
    ],
    "Languages@odata.count": 1,
    "Location": [
        {
            "Language": "en",
            "PublicationUri": "http://downloads.dell.com/redfish/bmc/schemas/DellLCService.v1_8_1.json",
            "Uri": "/redfish/v1/Schemas/DellLCService.v1_8_1.json"
        }
    ],
    "Location@odata.count": 1,
    "Name": "DellLCService Schema File",
    "Schema": "#DellLCService.v1_8_1.DellLCService"
}