{
    "@odata.context": "/redfish/v1/$metadata#DellAssembly.DellAssembly",
    "@odata.id": "/redfish/v1/Chassis/System.Embedded.1/Oem/Dell/DellAssembly/BOSS.Integrated.1-1_0x23_FRU",
    "@odata.type": "#DellAssembly.v1_1_0.DellAssembly",
    "Description": "This resource shall be used to represent an assembly information.",
    "DeviceFQDD": "BOSS.Integrated.1-1",
    "Id": "BOSS.Integrated.1-1_0x23_FRU",
    "MACAddress": null,
    "Name": "DellAssembly",
    "PackageType": "Module/Card",
    "SDKVersion": null,
    "SerialNumber": "CNFCP0035G007J",
    "VendorIANA": null
}