{
    "@odata.context": "/redfish/v1/$metadata#JsonSchemaFile.JsonSchemaFile",
    "@odata.id": "/redfish/v1/JsonSchemas/DellLicenseCollection",
    "@odata.type": "#JsonSchemaFile.v1_1_5.JsonSchemaFile",
    "Description": "DellLicenseCollection Schema File Location",
    "Id": "DellLicenseCollection",
    "Languages": [
        "en"
    ],
    "Languages@odata.count": 1,
    "Location": [
        {
            "Language": "en",
            "PublicationUri": "http://downloads.dell.com/redfish/bmc/schemas/DellLicenseCollection.json",
            "Uri": "/redfish/v1/Schemas/DellLicenseCollection.json"
        }
    ],
    "Location@odata.count": 1,
    "Name": "DellLicenseCollection Schema File",
    "Schema": "#DellLicenseCollection.DellLicenseCollection"
}