{
    "@odata.context": "/redfish/v1/$metadata#JsonSchemaFile.JsonSchemaFile",
    "@odata.id": "/redfish/v1/JsonSchemas/DellEnclosureFanSensor.v1_1_0",
    "@odata.type": "#JsonSchemaFile.v1_1_5.JsonSchemaFile",
    "Description": "DellEnclosureFanSensor Schema File Location",
    "Id": "DellEnclosureFanSensor.v1_1_0",
    "Languages": [
        "en"
    ],
    "Languages@odata.count": 1,
    "Location": [
        {
            "Language": "en",
            "PublicationUri": "http://downloads.dell.com/redfish/bmc/schemas/DellEnclosureFanSensor.v1_1_0.json",
            "Uri": "/redfish/v1/Schemas/DellEnclosureFanSensor.v1_1_0.json"
        }
    ],
    "Location@odata.count": 1,
    "Name": "DellEnclosureFanSensor Schema File",
    "Schema": "#DellEnclosureFanSensor.v1_1_0.DellEnclosureFanSensor"
}