{
    "@odata.context": "/redfish/v1/$metadata#Job.Job",
    "@odata.id": "/redfish/v1/JobService/Jobs/JID_428478022959",
    "@odata.type": "#Job.v1_2_4.Job",
    "Description": "Represent a job in Redfish",
    "Id": "JID_428478022959",
    "Name": "SA Export Local",
    "JobState": "Completed",
    "JobStatus": "Critical",
    "PercentComplete": 100,
    "StartTime": "2025-03-24T15:23:22-05:00",
    "EndTime": "2025-03-24T15:23:22-05:00",
    "Messages": [
        {
            "Message": "A SupportAssist job is already running on the server.",
            "MessageId": "IDRAC.2.9.SRV003",
            "MessageArgs": [],
            "MessageArgs@odata.count": 0
        }
    ],
    "Messages@odata.count": 1
}