{
    "@odata.context": "/redfish/v1/$metadata#JsonSchemaFile.JsonSchemaFile",
    "@odata.id": "/redfish/v1/JsonSchemas/DellInfiniBandPortMetricsCollection",
    "@odata.type": "#JsonSchemaFile.v1_1_5.JsonSchemaFile",
    "Description": "DellInfiniBandPortMetricsCollection Schema File Location",
    "Id": "DellInfiniBandPortMetricsCollection",
    "Languages": [
        "en"
    ],
    "Languages@odata.count": 1,
    "Location": [
        {
            "Language": "en",
            "PublicationUri": "http://downloads.dell.com/redfish/bmc/schemas/DellInfiniBandPortMetricsCollection.json",
            "Uri": "/redfish/v1/Schemas/DellInfiniBandPortMetricsCollection.json"
        }
    ],
    "Location@odata.count": 1,
    "Name": "DellInfiniBandPortMetricsCollection Schema File",
    "Schema": "#DellInfiniBandPortMetricsCollection.DellInfiniBandPortMetricsCollection"
}