{
    "@odata.context": "/redfish/v1/$metadata#JsonSchemaFile.JsonSchemaFile",
    "@odata.id": "/redfish/v1/JsonSchemas/CompositionReservationCollection",
    "@odata.type": "#JsonSchemaFile.v1_1_5.JsonSchemaFile",
    "Description": "CompositionReservationCollection Schema File Location",
    "Id": "CompositionReservationCollection",
    "Languages": [
        "en"
    ],
    "Languages@odata.count": 1,
    "Location": [
        {
            "Language": "en",
            "PublicationUri": "http://redfish.dmtf.org/schemas/v1/CompositionReservationCollection.json",
            "Uri": "/redfish/v1/Schemas/CompositionReservationCollection.json"
        }
    ],
    "Location@odata.count": 1,
    "Name": "CompositionReservationCollection Schema File",
    "Schema": "#CompositionReservationCollection.CompositionReservationCollection"
}