{
    "@odata.context": "/redfish/v1/$metadata#JsonSchemaFile.JsonSchemaFile",
    "@odata.id": "/redfish/v1/JsonSchemas/DellFC",
    "@odata.type": "#JsonSchemaFile.v1_1_5.JsonSchemaFile",
    "Description": "DellFC Schema File Location",
    "Id": "DellFC",
    "Languages": [
        "en"
    ],
    "Languages@odata.count": 1,
    "Location": [
        {
            "Language": "en",
            "PublicationUri": "http://downloads.dell.com/redfish/bmc/schemas/DellFC.json",
            "Uri": "/redfish/v1/Schemas/DellFC.json"
        }
    ],
    "Location@odata.count": 1,
    "Name": "DellFC Schema File",
    "Schema": "#DellFC.DellFC"
}