{
    "@odata.context": "/redfish/v1/$metadata#JsonSchemaFile.JsonSchemaFile",
    "@odata.id": "/redfish/v1/JsonSchemas/ContainerImageCollection",
    "@odata.type": "#JsonSchemaFile.v1_1_5.JsonSchemaFile",
    "Description": "ContainerImageCollection Schema File Location",
    "Id": "ContainerImageCollection",
    "Languages": [
        "en"
    ],
    "Languages@odata.count": 1,
    "Location": [
        {
            "Language": "en",
            "PublicationUri": "http://redfish.dmtf.org/schemas/v1/ContainerImageCollection.json",
            "Uri": "/redfish/v1/Schemas/ContainerImageCollection.json"
        }
    ],
    "Location@odata.count": 1,
    "Name": "ContainerImageCollection Schema File",
    "Schema": "#ContainerImageCollection.ContainerImageCollection"
}