{
    "@odata.context": "/redfish/v1/$metadata#JsonSchemaFile.JsonSchemaFile",
    "@odata.id": "/redfish/v1/JsonSchemas/BootOption",
    "@odata.type": "#JsonSchemaFile.v1_1_5.JsonSchemaFile",
    "Description": "BootOption Schema File Location",
    "Id": "BootOption",
    "Languages": [
        "en"
    ],
    "Languages@odata.count": 1,
    "Location": [
        {
            "Language": "en",
            "PublicationUri": "http://redfish.dmtf.org/schemas/v1/BootOption.json",
            "Uri": "/redfish/v1/Schemas/BootOption.json"
        }
    ],
    "Location@odata.count": 1,
    "Name": "BootOption Schema File",
    "Schema": "#BootOption.BootOption"
}