{
    "@odata.context": "/redfish/v1/$metadata#JsonSchemaFile.JsonSchemaFile",
    "@odata.id": "/redfish/v1/JsonSchemas/DellController.v1_5_0",
    "@odata.type": "#JsonSchemaFile.v1_1_5.JsonSchemaFile",
    "Description": "DellController Schema File Location",
    "Id": "DellController.v1_5_0",
    "Languages": [
        "en"
    ],
    "Languages@odata.count": 1,
    "Location": [
        {
            "Language": "en",
            "PublicationUri": "http://downloads.dell.com/redfish/bmc/schemas/DellController.v1_5_0.json",
            "Uri": "/redfish/v1/Schemas/DellController.v1_5_0.json"
        }
    ],
    "Location@odata.count": 1,
    "Name": "DellController Schema File",
    "Schema": "#DellController.v1_5_0.DellController"
}