{
    "@odata.context": "/redfish/v1/$metadata#Job.Job",
    "@odata.id": "/redfish/v1/JobService/Jobs/JID_430145393899",
    "@odata.type": "#Job.v1_2_4.Job",
    "Description": "Represent a job in Redfish",
    "Id": "JID_430145393899",
    "Name": "Export Configuration",
    "JobState": "Completed",
    "JobStatus": "OK",
    "PercentComplete": 100,
    "StartTime": "2025-03-26T13:42:19-05:00",
    "EndTime": "2025-03-26T13:42:38-05:00",
    "Messages": [
        {
            "Message": "Successfully exported Server Configuration Profile",
            "MessageId": "IDRAC.2.9.SYS043",
            "MessageArgs": [],
            "MessageArgs@odata.count": 0
        }
    ],
    "Messages@odata.count": 1
}