{
    "@odata.context": "/redfish/v1/$metadata#JsonSchemaFile.JsonSchemaFile",
    "@odata.id": "/redfish/v1/JsonSchemas/Chassis.v1_25_1",
    "@odata.type": "#JsonSchemaFile.v1_1_5.JsonSchemaFile",
    "Description": "Chassis Schema File Location",
    "Id": "Chassis.v1_25_1",
    "Languages": [
        "en"
    ],
    "Languages@odata.count": 1,
    "Location": [
        {
            "Language": "en",
            "PublicationUri": "http://redfish.dmtf.org/schemas/v1/Chassis.v1_25_1.json",
            "Uri": "/redfish/v1/Schemas/Chassis.v1_25_1.json"
        }
    ],
    "Location@odata.count": 1,
    "Name": "Chassis Schema File",
    "Schema": "#Chassis.v1_25_1.Chassis"
}