{
    "@odata.context": "/redfish/v1/$metadata#JsonSchemaFile.JsonSchemaFile",
    "@odata.id": "/redfish/v1/JsonSchemas/CoolantConnectorCollection",
    "@odata.type": "#JsonSchemaFile.v1_1_5.JsonSchemaFile",
    "Description": "CoolantConnectorCollection Schema File Location",
    "Id": "CoolantConnectorCollection",
    "Languages": [
        "en"
    ],
    "Languages@odata.count": 1,
    "Location": [
        {
            "Language": "en",
            "PublicationUri": "http://redfish.dmtf.org/schemas/v1/CoolantConnectorCollection.json",
            "Uri": "/redfish/v1/Schemas/CoolantConnectorCollection.json"
        }
    ],
    "Location@odata.count": 1,
    "Name": "CoolantConnectorCollection Schema File",
    "Schema": "#CoolantConnectorCollection.CoolantConnectorCollection"
}