{
    "@odata.context": "/redfish/v1/$metadata#JsonSchemaFile.JsonSchemaFile",
    "@odata.id": "/redfish/v1/JsonSchemas/ContainerCollection",
    "@odata.type": "#JsonSchemaFile.v1_1_5.JsonSchemaFile",
    "Description": "ContainerCollection Schema File Location",
    "Id": "ContainerCollection",
    "Languages": [
        "en"
    ],
    "Languages@odata.count": 1,
    "Location": [
        {
            "Language": "en",
            "PublicationUri": "http://redfish.dmtf.org/schemas/v1/ContainerCollection.json",
            "Uri": "/redfish/v1/Schemas/ContainerCollection.json"
        }
    ],
    "Location@odata.count": 1,
    "Name": "ContainerCollection Schema File",
    "Schema": "#ContainerCollection.ContainerCollection"
}