{
    "@odata.context": "/redfish/v1/$metadata#JsonSchemaFile.JsonSchemaFile",
    "@odata.id": "/redfish/v1/JsonSchemas/CXLLogicalDevice.v1_2_0",
    "@odata.type": "#JsonSchemaFile.v1_1_5.JsonSchemaFile",
    "Description": "CXLLogicalDevice Schema File Location",
    "Id": "CXLLogicalDevice.v1_2_0",
    "Languages": [
        "en"
    ],
    "Languages@odata.count": 1,
    "Location": [
        {
            "Language": "en",
            "PublicationUri": "http://redfish.dmtf.org/schemas/v1/CXLLogicalDevice.v1_2_0.json",
            "Uri": "/redfish/v1/Schemas/CXLLogicalDevice.v1_2_0.json"
        }
    ],
    "Location@odata.count": 1,
    "Name": "CXLLogicalDevice Schema File",
    "Schema": "#CXLLogicalDevice.v1_2_0.CXLLogicalDevice"
}