{
    "@odata.context": "/redfish/v1/$metadata#JsonSchemaFile.JsonSchemaFile",
    "@odata.id": "/redfish/v1/JsonSchemas/DellDriveSMARTAttributes.v1_0_0",
    "@odata.type": "#JsonSchemaFile.v1_1_5.JsonSchemaFile",
    "Description": "DellDriveSMARTAttributes Schema File Location",
    "Id": "DellDriveSMARTAttributes.v1_0_0",
    "Languages": [
        "en"
    ],
    "Languages@odata.count": 1,
    "Location": [
        {
            "Language": "en",
            "PublicationUri": "http://downloads.dell.com/redfish/bmc/schemas/DellDriveSMARTAttributes.v1_0_0.json",
            "Uri": "/redfish/v1/Schemas/DellDriveSMARTAttributes.v1_0_0.json"
        }
    ],
    "Location@odata.count": 1,
    "Name": "DellDriveSMARTAttributes Schema File",
    "Schema": "#DellDriveSMARTAttributes.v1_0_0.DellDriveSMARTAttributes"
}