{
    "@odata.context": "/redfish/v1/$metadata#Certificate.Certificate",
    "@odata.id": "/redfish/v1/Chassis/System.Embedded.1/TrustedComponents/TPM/Certificates/SecurityCertificate.5",
    "@odata.type": "#Certificate.v1_8_2.Certificate",
    "Name": "TPM_EK_RSA Certificate",
    "Id": "SecurityCertificate.5",
    "Description": "Certificate is used for Host Attestation",
    "ValidNotAfter": "2042-8-9T06:54:20+00:00",
    "Subject": {
        "CommonName": "",
        "Organization": "",
        "City": "",
        "Country": "",
        "Email": null,
        "OrganizationalUnit": "",
        "State": ""
    },
    "Issuer": {
        "CommonName": "Nuvoton TPM Root CA 2111",
        "Organization": "Nuvoton Technology Corporation",
        "City": "",
        "Country": "TW",
        "Email": null,
        "OrganizationalUnit": "",
        "State": ""
    },
    "ValidNotBefore": "2022-8-13T06:54:20+00:00",
    "SerialNumber": "4E8CB37A8C1DAD5C94A1",
    "CertificateUsageTypes": [
        "Platform"
    ]
}