{
    "@odata.context": "/redfish/v1/$metadata#JsonSchemaFile.JsonSchemaFile",
    "@odata.id": "/redfish/v1/JsonSchemas/DellEnclosureFanSensorCollection",
    "@odata.type": "#JsonSchemaFile.v1_1_5.JsonSchemaFile",
    "Description": "DellEnclosureFanSensorCollection Schema File Location",
    "Id": "DellEnclosureFanSensorCollection",
    "Languages": [
        "en"
    ],
    "Languages@odata.count": 1,
    "Location": [
        {
            "Language": "en",
            "PublicationUri": "http://downloads.dell.com/redfish/bmc/schemas/DellEnclosureFanSensorCollection.json",
            "Uri": "/redfish/v1/Schemas/DellEnclosureFanSensorCollection.json"
        }
    ],
    "Location@odata.count": 1,
    "Name": "DellEnclosureFanSensorCollection Schema File",
    "Schema": "#DellEnclosureFanSensorCollection.DellEnclosureFanSensorCollection"
}