{
    "@odata.context": "/redfish/v1/$metadata#CertificateLocations.CertificateLocations",
    "@odata.id": "/redfish/v1/CertificateService/CertificateLocations",
    "@odata.type": "#CertificateLocations.v1_0_4.CertificateLocations",
    "Name": "Certificate Locations",
    "Id": "CertificateLocations",
    "Description": "The CertificateLocations schema defines a resource that an administrator can use in order to locate all certificates installed on a given service.",
    "Links": {
        "Certificates@odata.count": 12,
        "Certificates": [
            {
                "@odata.id": "/redfish/v1/Managers/iDRAC.Embedded.1/NetworkProtocol/HTTPS/Certificates/SecurityCertificate.1"
            },
            {
                "@odata.id": "/redfish/v1/Chassis/System.Embedded.1/TrustedComponents/TPM/Certificates/SecurityCertificate.4"
            },
            {
                "@odata.id": "/redfish/v1/Chassis/System.Embedded.1/TrustedComponents/TPM/Certificates/SecurityCertificate.5"
            },
            {
                "@odata.id": "/redfish/v1/Systems/System.Embedded.1/SecureBoot/SecureBootDatabases/PK/Certificates/CustSecbootpolicy.1"
            },
            {
                "@odata.id": "/redfish/v1/Systems/System.Embedded.1/SecureBoot/SecureBootDatabases/KEK/Certificates/CustSecbootpolicy.2"
            },
            {
                "@odata.id": "/redfish/v1/Systems/System.Embedded.1/SecureBoot/SecureBootDatabases/db/Certificates/CustSecbootpolicy.3"
            },
            {
                "@odata.id": "/redfish/v1/Systems/System.Embedded.1/SecureBoot/SecureBootDatabases/db/Certificates/CustSecbootpolicy.4"
            },
            {
                "@odata.id": "/redfish/v1/Systems/System.Embedded.1/SecureBoot/SecureBootDatabases/db/Certificates/CustSecbootpolicy.5"
            },
            {
                "@odata.id": "/redfish/v1/Systems/System.Embedded.1/SecureBoot/SecureBootDatabases/db/Certificates/CustSecbootpolicy.6"
            },
            {
                "@odata.id": "/redfish/v1/Systems/System.Embedded.1/SecureBoot/SecureBootDatabases/db/Certificates/CustSecbootpolicy.7"
            },
            {
                "@odata.id": "/redfish/v1/Systems/System.Embedded.1/SecureBoot/SecureBootDatabases/dbx/Certificates/CustSecbootpolicy.220"
            },
            {
                "@odata.id": "/redfish/v1/Systems/System.Embedded.1/Storage/RAID.SL.5-1/Controllers/RAID.SL.5-1/Certificates/slot0"
            }
        ],
        "Oem": {
            "Dell": {
                "@odata.type": "#DellOem.v1_3_0.DellOemLinks",
                "HWCertificates": {
                    "@odata.id": "/redfish/v1/Managers/iDRAC.Embedded.1/Oem/Dell/HWCertificates/SecurityCertificate.2"
                },
                "Certificates": [],
                "Certificates@odata.count": 0
            }
        }
    }
}