{
    "@odata.context": "/redfish/v1/$metadata#ManagerAccount.ManagerAccount",
    "@odata.etag": "\"328121\"",
    "@odata.id": "/redfish/v1/AccountService/Accounts/8",
    "@odata.type": "#ManagerAccount.v1_12_1.ManagerAccount",
    "AccountTypes": [
        "Redfish",
        "SNMP",
        "OEM",
        "HostConsole",
        "ManagerConsole",
        "IPMI",
        "KVMIP",
        "VirtualMedia",
        "WebUI"
    ],
    "Description": "User Account",
    "Enabled": false,
    "Id": "8",
    "Keys": {
        "@odata.id": "/redfish/v1/AccountService/Accounts/8/Keys"
    },
    "Links": {
        "Role": {
            "@odata.id": "/redfish/v1/AccountService/Roles/None"
        }
    },
    "Locked": false,
    "Name": "User Account",
    "OEMAccountTypes": [
        "IPMI",
        "SOL",
        "WSMAN",
        "UI",
        "RACADM"
    ],
    "Oem": {
        "Dell": {
            "@odata.type": "#DellManagerAccount.v1_0_0.DellManagerAccount",
            "SNMPv3PassphraseEnabled": "Disabled"
        }
    },
    "Password": null,
    "PasswordChangeRequired": false,
    "PasswordExpiration": null,
    "RoleId": "None",
    "SNMP": {
        "AuthenticationKey": null,
        "AuthenticationKeySet": false,
        "AuthenticationProtocol": "HMAC_SHA96",
        "EncryptionKey": null,
        "EncryptionKeySet": false,
        "EncryptionProtocol": "CFB128_AES128"
    },
    "StrictAccountTypes": false,
    "UserName": ""
}