{
    "@odata.context": "/redfish/v1/$metadata#JsonSchemaFile.JsonSchemaFile",
    "@odata.id": "/redfish/v1/JsonSchemas/DellFCCapabilities",
    "@odata.type": "#JsonSchemaFile.v1_1_5.JsonSchemaFile",
    "Description": "DellFCCapabilities Schema File Location",
    "Id": "DellFCCapabilities",
    "Languages": [
        "en"
    ],
    "Languages@odata.count": 1,
    "Location": [
        {
            "Language": "en",
            "PublicationUri": "http://downloads.dell.com/redfish/bmc/schemas/DellFCCapabilities.json",
            "Uri": "/redfish/v1/Schemas/DellFCCapabilities.json"
        }
    ],
    "Location@odata.count": 1,
    "Name": "DellFCCapabilities Schema File",
    "Schema": "#DellFCCapabilities.DellFCCapabilities"
}