{
    "@odata.context": "/redfish/v1/$metadata#JsonSchemaFile.JsonSchemaFile",
    "@odata.id": "/redfish/v1/JsonSchemas/ApplicationCollection",
    "@odata.type": "#JsonSchemaFile.v1_1_5.JsonSchemaFile",
    "Description": "ApplicationCollection Schema File Location",
    "Id": "ApplicationCollection",
    "Languages": [
        "en"
    ],
    "Languages@odata.count": 1,
    "Location": [
        {
            "Language": "en",
            "PublicationUri": "http://redfish.dmtf.org/schemas/v1/ApplicationCollection.json",
            "Uri": "/redfish/v1/Schemas/ApplicationCollection.json"
        }
    ],
    "Location@odata.count": 1,
    "Name": "ApplicationCollection Schema File",
    "Schema": "#ApplicationCollection.ApplicationCollection"
}