{
    "@odata.context": "/redfish/v1/$metadata#JsonSchemaFile.JsonSchemaFile",
    "@odata.id": "/redfish/v1/JsonSchemas/AddressPool",
    "@odata.type": "#JsonSchemaFile.v1_1_5.JsonSchemaFile",
    "Description": "AddressPool Schema File Location",
    "Id": "AddressPool",
    "Languages": [
        "en"
    ],
    "Languages@odata.count": 1,
    "Location": [
        {
            "Language": "en",
            "PublicationUri": "http://redfish.dmtf.org/schemas/v1/AddressPool.json",
            "Uri": "/redfish/v1/Schemas/AddressPool.json"
        }
    ],
    "Location@odata.count": 1,
    "Name": "AddressPool Schema File",
    "Schema": "#AddressPool.AddressPool"
}