{
    "@odata.context": "/redfish/v1/$metadata#JsonSchemaFile.JsonSchemaFile",
    "@odata.id": "/redfish/v1/JsonSchemas/Assembly",
    "@odata.type": "#JsonSchemaFile.v1_1_5.JsonSchemaFile",
    "Description": "Assembly Schema File Location",
    "Id": "Assembly",
    "Languages": [
        "en"
    ],
    "Languages@odata.count": 1,
    "Location": [
        {
            "Language": "en",
            "PublicationUri": "http://redfish.dmtf.org/schemas/v1/Assembly.json",
            "Uri": "/redfish/v1/Schemas/Assembly.json"
        }
    ],
    "Location@odata.count": 1,
    "Name": "Assembly Schema File",
    "Schema": "#Assembly.Assembly"
}