{
    "@odata.context": "/redfish/v1/$metadata#JsonSchemaFile.JsonSchemaFile",
    "@odata.id": "/redfish/v1/JsonSchemas/DellEnclosureTemperatureSensor",
    "@odata.type": "#JsonSchemaFile.v1_1_5.JsonSchemaFile",
    "Description": "DellEnclosureTemperatureSensor Schema File Location",
    "Id": "DellEnclosureTemperatureSensor",
    "Languages": [
        "en"
    ],
    "Languages@odata.count": 1,
    "Location": [
        {
            "Language": "en",
            "PublicationUri": "http://downloads.dell.com/redfish/bmc/schemas/DellEnclosureTemperatureSensor.json",
            "Uri": "/redfish/v1/Schemas/DellEnclosureTemperatureSensor.json"
        }
    ],
    "Location@odata.count": 1,
    "Name": "DellEnclosureTemperatureSensor Schema File",
    "Schema": "#DellEnclosureTemperatureSensor.DellEnclosureTemperatureSensor"
}