{
    "@odata.context": "/redfish/v1/$metadata#JsonSchemaFile.JsonSchemaFile",
    "@odata.id": "/redfish/v1/JsonSchemas/DellEvent.v1_0_0",
    "@odata.type": "#JsonSchemaFile.v1_1_5.JsonSchemaFile",
    "Description": "DellEvent Schema File Location",
    "Id": "DellEvent.v1_0_0",
    "Languages": [
        "en"
    ],
    "Languages@odata.count": 1,
    "Location": [
        {
            "Language": "en",
            "PublicationUri": "http://downloads.dell.com/redfish/bmc/schemas/DellEvent.v1_0_0.json",
            "Uri": "/redfish/v1/Schemas/DellEvent.v1_0_0.json"
        }
    ],
    "Location@odata.count": 1,
    "Name": "DellEvent Schema File",
    "Schema": "#DellEvent.v1_0_0.DellEvent"
}