{
    "@odata.context": "/redfish/v1/$metadata#JsonSchemaFile.JsonSchemaFile",
    "@odata.id": "/redfish/v1/JsonSchemas/BootOptionCollection",
    "@odata.type": "#JsonSchemaFile.v1_1_5.JsonSchemaFile",
    "Description": "BootOptionCollection Schema File Location",
    "Id": "BootOptionCollection",
    "Languages": [
        "en"
    ],
    "Languages@odata.count": 1,
    "Location": [
        {
            "Language": "en",
            "PublicationUri": "http://redfish.dmtf.org/schemas/v1/BootOptionCollection.json",
            "Uri": "/redfish/v1/Schemas/BootOptionCollection.json"
        }
    ],
    "Location@odata.count": 1,
    "Name": "BootOptionCollection Schema File",
    "Schema": "#BootOptionCollection.BootOptionCollection"
}