{
    "@odata.context": "/redfish/v1/$metadata#NetworkAdapter.NetworkAdapter",
    "@odata.id": "/redfish/v1/Chassis/System.Embedded.1/NetworkAdapters/NIC.Integrated.1",
    "@odata.type": "#NetworkAdapter.v1_11_0.NetworkAdapter",
    "Assembly": {
        "@odata.id": "/redfish/v1/Chassis/System.Embedded.1/NetworkAdapters/NIC.Integrated.1/Assembly"
    },
    "Controllers": [
        {
            "ControllerCapabilities": {
                "DataCenterBridging": {
                    "Capable": true
                },
                "NPAR": {
                    "NparCapable": true,
                    "NparEnabled": false
                },
                "NPIV": {
                    "MaxDeviceLogins": 0,
                    "MaxPortLogins": 0
                },
                "NetworkDeviceFunctionCount": 2,
                "NetworkPortCount": 2,
                "VirtualizationOffload": {
                    "SRIOV": {
                        "SRIOVVEPACapable": true
                    },
                    "VirtualFunction": {
                        "DeviceMaxCount": 128,
                        "MinAssignmentGroupSize": null,
                        "NetworkPortMaxCount": 64
                    }
                }
            },
            "FirmwarePackageVersion": "22.92.07.50",
            "Links": {
                "NetworkDeviceFunctions": [
                    {
                        "@odata.id": "/redfish/v1/Chassis/System.Embedded.1/NetworkAdapters/NIC.Integrated.1/NetworkDeviceFunctions/NIC.Integrated.1-1-1"
                    },
                    {
                        "@odata.id": "/redfish/v1/Chassis/System.Embedded.1/NetworkAdapters/NIC.Integrated.1/NetworkDeviceFunctions/NIC.Integrated.1-2-1"
                    }
                ],
                "NetworkDeviceFunctions@odata.count": 2,
                "NetworkPorts": [
                    {
                        "@odata.id": "/redfish/v1/Chassis/System.Embedded.1/NetworkAdapters/NIC.Integrated.1/NetworkPorts/NIC.Integrated.1-1"
                    },
                    {
                        "@odata.id": "/redfish/v1/Chassis/System.Embedded.1/NetworkAdapters/NIC.Integrated.1/NetworkPorts/NIC.Integrated.1-2"
                    }
                ],
                "NetworkPorts@odata.count": 2,
                "Oem": {
                    "Dell": {
                        "@odata.type": "#DellOem.v1_3_0.DellOemLinks",
                        "CPUAffinity": [
                            {
                                "@odata.id": "/redfish/v1/Systems/System.Embedded.1/Processors/CPU.Socket.1"
                            }
                        ],
                        "CPUAffinity@odata.count": 1
                    }
                }
            }
        }
    ],
    "Controllers@odata.count": 1,
    "Description": "Network Adapter View",
    "Id": "NIC.Integrated.1",
    "Manufacturer": "Broadcom Inc. and subsidiaries",
    "Model": "BRCM 2P 25G SFP 57414S OCP NIC",
    "Name": "Network Adapter View",
    "NetworkDeviceFunctions": {
        "@odata.id": "/redfish/v1/Chassis/System.Embedded.1/NetworkAdapters/NIC.Integrated.1/NetworkDeviceFunctions"
    },
    "NetworkPorts": {
        "@odata.id": "/redfish/v1/Chassis/System.Embedded.1/NetworkAdapters/NIC.Integrated.1/NetworkPorts"
    },
    "NetworkPorts@Redfish.Deprecated": "Please migrate to use /redfish/v1/Chassis/System.Embedded.1/NetworkAdapters/{NetworkAdaptersId}/Ports",
    "Oem": {
        "Dell": {
            "@odata.type": "#DellNetworkAdapter.v1_2_0.DellNetworkAdapter",
            "PLDMMonitoringEnabled": false
        }
    },
    "Ports": {
        "@odata.id": "/redfish/v1/Chassis/System.Embedded.1/NetworkAdapters/NIC.Integrated.1/Ports"
    },
    "PartNumber": "024FG6",
    "SerialNumber": "VNFCBBA3490161",
    "Status": {
        "Health": "OK",
        "HealthRollup": "OK",
        "State": "Enabled"
    }
}