{
    "@odata.context": "/redfish/v1/$metadata#JsonSchemaFile.JsonSchemaFile",
    "@odata.id": "/redfish/v1/JsonSchemas/DellAssembly.v1_1_0",
    "@odata.type": "#JsonSchemaFile.v1_1_5.JsonSchemaFile",
    "Description": "DellAssembly Schema File Location",
    "Id": "DellAssembly.v1_1_0",
    "Languages": [
        "en"
    ],
    "Languages@odata.count": 1,
    "Location": [
        {
            "Language": "en",
            "PublicationUri": "http://downloads.dell.com/redfish/bmc/schemas/DellAssembly.v1_1_0.json",
            "Uri": "/redfish/v1/Schemas/DellAssembly.v1_1_0.json"
        }
    ],
    "Location@odata.count": 1,
    "Name": "DellAssembly Schema File",
    "Schema": "#DellAssembly.v1_1_0.DellAssembly"
}