{
    "@odata.context": "/redfish/v1/$metadata#Job.Job",
    "@odata.id": "/redfish/v1/JobService/Jobs/JID_426114758524",
    "@odata.type": "#Job.v1_2_4.Job",
    "Description": "Represent a job in Redfish",
    "Id": "JID_426114758524",
    "Name": "DellBios.RunBIOSLiveScanning",
    "JobState": "Completed",
    "JobStatus": "OK",
    "PercentComplete": 100,
    "StartTime": "2025-03-21T21:45:00-05:00",
    "EndTime": "2025-03-21T21:45:17-05:00",
    "Messages": [
        {
            "Message": "Job successfully completed.",
            "MessageId": "IDRAC.2.9.JCP007",
            "MessageArgs": [],
            "MessageArgs@odata.count": 0
        }
    ],
    "Messages@odata.count": 1
}