{
    "@odata.context": "/redfish/v1/$metadata#JsonSchemaFile.JsonSchemaFile",
    "@odata.id": "/redfish/v1/JsonSchemas/ComputerSystem",
    "@odata.type": "#JsonSchemaFile.v1_1_5.JsonSchemaFile",
    "Description": "ComputerSystem Schema File Location",
    "Id": "ComputerSystem",
    "Languages": [
        "en"
    ],
    "Languages@odata.count": 1,
    "Location": [
        {
            "Language": "en",
            "PublicationUri": "http://redfish.dmtf.org/schemas/v1/ComputerSystem.json",
            "Uri": "/redfish/v1/Schemas/ComputerSystem.json"
        }
    ],
    "Location@odata.count": 1,
    "Name": "ComputerSystem Schema File",
    "Schema": "#ComputerSystem.ComputerSystem"
}