{
    "@odata.context": "/redfish/v1/$metadata#DellAssembly.DellAssembly",
    "@odata.id": "/redfish/v1/Chassis/System.Embedded.1/Oem/Dell/DellAssembly/DIMM.Socket.A1_0x23_FRU",
    "@odata.type": "#DellAssembly.v1_1_0.DellAssembly",
    "Description": "This resource shall be used to represent an assembly information.",
    "DeviceFQDD": "DIMM.Socket.A1",
    "Id": "DIMM.Socket.A1_0x23_FRU",
    "MACAddress": null,
    "Name": "DellAssembly",
    "PackageType": "Memory",
    "SDKVersion": null,
    "SerialNumber": "973A5398",
    "VendorIANA": null
}