{
    "@odata.context": "/redfish/v1/$metadata#JsonSchemaFile.JsonSchemaFile",
    "@odata.id": "/redfish/v1/JsonSchemas/DellBaseMetricValueCollection",
    "@odata.type": "#JsonSchemaFile.v1_1_5.JsonSchemaFile",
    "Description": "DellBaseMetricValueCollection Schema File Location",
    "Id": "DellBaseMetricValueCollection",
    "Languages": [
        "en"
    ],
    "Languages@odata.count": 1,
    "Location": [
        {
            "Language": "en",
            "PublicationUri": "http://downloads.dell.com/redfish/bmc/schemas/DellBaseMetricValueCollection.json",
            "Uri": "/redfish/v1/Schemas/DellBaseMetricValueCollection.json"
        }
    ],
    "Location@odata.count": 1,
    "Name": "DellBaseMetricValueCollection Schema File",
    "Schema": "#DellBaseMetricValueCollection.DellBaseMetricValueCollection"
}