{
    "@odata.context": "/redfish/v1/$metadata#JsonSchemaFile.JsonSchemaFile",
    "@odata.id": "/redfish/v1/JsonSchemas/DellFCCapabilitiesCollection",
    "@odata.type": "#JsonSchemaFile.v1_1_5.JsonSchemaFile",
    "Description": "DellFCCapabilitiesCollection Schema File Location",
    "Id": "DellFCCapabilitiesCollection",
    "Languages": [
        "en"
    ],
    "Languages@odata.count": 1,
    "Location": [
        {
            "Language": "en",
            "PublicationUri": "http://downloads.dell.com/redfish/bmc/schemas/DellFCCapabilitiesCollection.json",
            "Uri": "/redfish/v1/Schemas/DellFCCapabilitiesCollection.json"
        }
    ],
    "Location@odata.count": 1,
    "Name": "DellFCCapabilitiesCollection Schema File",
    "Schema": "#DellFCCapabilitiesCollection.DellFCCapabilitiesCollection"
}