{
    "@odata.context": "/redfish/v1/$metadata#JsonSchemaFile.JsonSchemaFile",
    "@odata.id": "/redfish/v1/JsonSchemas/Connection",
    "@odata.type": "#JsonSchemaFile.v1_1_5.JsonSchemaFile",
    "Description": "Connection Schema File Location",
    "Id": "Connection",
    "Languages": [
        "en"
    ],
    "Languages@odata.count": 1,
    "Location": [
        {
            "Language": "en",
            "PublicationUri": "http://redfish.dmtf.org/schemas/v1/Connection.json",
            "Uri": "/redfish/v1/Schemas/Connection.json"
        }
    ],
    "Location@odata.count": 1,
    "Name": "Connection Schema File",
    "Schema": "#Connection.Connection"
}