{
    "@odata.context": "/redfish/v1/$metadata#JsonSchemaFile.JsonSchemaFile",
    "@odata.id": "/redfish/v1/JsonSchemas/DellBootSources.v1_1_0",
    "@odata.type": "#JsonSchemaFile.v1_1_5.JsonSchemaFile",
    "Description": "DellBootSources Schema File Location",
    "Id": "DellBootSources.v1_1_0",
    "Languages": [
        "en"
    ],
    "Languages@odata.count": 1,
    "Location": [
        {
            "Language": "en",
            "PublicationUri": "http://downloads.dell.com/redfish/bmc/schemas/DellBootSources.v1_1_0.json",
            "Uri": "/redfish/v1/Schemas/DellBootSources.v1_1_0.json"
        }
    ],
    "Location@odata.count": 1,
    "Name": "DellBootSources Schema File",
    "Schema": "#DellBootSources.v1_1_0.DellBootSources"
}