{
    "@odata.context": "/redfish/v1/$metadata#JsonSchemaFile.JsonSchemaFile",
    "@odata.id": "/redfish/v1/JsonSchemas/ComponentIntegrity",
    "@odata.type": "#JsonSchemaFile.v1_1_5.JsonSchemaFile",
    "Description": "ComponentIntegrity Schema File Location",
    "Id": "ComponentIntegrity",
    "Languages": [
        "en"
    ],
    "Languages@odata.count": 1,
    "Location": [
        {
            "Language": "en",
            "PublicationUri": "http://redfish.dmtf.org/schemas/v1/ComponentIntegrity.json",
            "Uri": "/redfish/v1/Schemas/ComponentIntegrity.json"
        }
    ],
    "Location@odata.count": 1,
    "Name": "ComponentIntegrity Schema File",
    "Schema": "#ComponentIntegrity.ComponentIntegrity"
}