{
    "@odata.context": "/redfish/v1/$metadata#JsonSchemaFile.JsonSchemaFile",
    "@odata.id": "/redfish/v1/JsonSchemas/DellGPUSensorCollection",
    "@odata.type": "#JsonSchemaFile.v1_1_5.JsonSchemaFile",
    "Description": "DellGPUSensorCollection Schema File Location",
    "Id": "DellGPUSensorCollection",
    "Languages": [
        "en"
    ],
    "Languages@odata.count": 1,
    "Location": [
        {
            "Language": "en",
            "PublicationUri": "http://downloads.dell.com/redfish/bmc/schemas/DellGPUSensorCollection.json",
            "Uri": "/redfish/v1/Schemas/DellGPUSensorCollection.json"
        }
    ],
    "Location@odata.count": 1,
    "Name": "DellGPUSensorCollection Schema File",
    "Schema": "#DellGPUSensorCollection.DellGPUSensorCollection"
}