{
    "@odata.context": "/redfish/v1/$metadata#JsonSchemaFile.JsonSchemaFile",
    "@odata.id": "/redfish/v1/JsonSchemas/AggregationService.v1_0_3",
    "@odata.type": "#JsonSchemaFile.v1_1_5.JsonSchemaFile",
    "Description": "AggregationService Schema File Location",
    "Id": "AggregationService.v1_0_3",
    "Languages": [
        "en"
    ],
    "Languages@odata.count": 1,
    "Location": [
        {
            "Language": "en",
            "PublicationUri": "http://redfish.dmtf.org/schemas/v1/AggregationService.v1_0_3.json",
            "Uri": "/redfish/v1/Schemas/AggregationService.v1_0_3.json"
        }
    ],
    "Location@odata.count": 1,
    "Name": "AggregationService Schema File",
    "Schema": "#AggregationService.v1_0_3.AggregationService"
}