{
    "@odata.context": "/redfish/v1/$metadata#PCIeDevice.PCIeDevice",
    "@odata.etag": "\"1743713434\"",
    "@odata.id": "/redfish/v1/Chassis/System.Embedded.1/PCIeDevices/0-31",
    "@odata.type": "#PCIeDevice.v1_14_0.PCIeDevice",
    "AssetTag": null,
    "Description": "Intel Corporation",
    "DeviceType": "MultiFunction",
    "FirmwareVersion": "",
    "Id": "0-31",
    "Links": {
        "Chassis": [
            {
                "@odata.id": "/redfish/v1/Chassis/System.Embedded.1"
            }
        ],
        "Chassis@odata.count": 1,
        "Oem": {
            "Dell": {
                "@odata.type": "#DellOem.v1_3_0.DellOemLinks",
                "CPUAffinity": [],
                "CPUAffinity@odata.count": 0
            }
        },
        "PCIeFunctions": [
            {
                "@odata.id": "/redfish/v1/Chassis/System.Embedded.1/PCIeDevices/0-31/PCIeFunctions/0-31-0"
            },
            {
                "@odata.id": "/redfish/v1/Chassis/System.Embedded.1/PCIeDevices/0-31/PCIeFunctions/0-31-4"
            }
        ],
        "PCIeFunctions@odata.count": 2,
        "PCIeFunctions@Redfish.Deprecated": "Please migrate to PCIeFunctions property in the root resource."
    },
    "Manufacturer": "Intel Corporation",
    "Model": null,
    "Name": "Intel Corporation",
    "PartNumber": null,
    "SKU": null,
    "SerialNumber": null,
    "Slot": {},
    "Status": {
        "State": "Enabled",
        "Health": "OK",
        "HealthRollup": "OK"
    },
    "PCIeFunctions": {
        "@odata.id": "/redfish/v1/Chassis/System.Embedded.1/PCIeDevices/0-31/PCIeFunctions"
    }
}