{
    "@odata.context": "/redfish/v1/$metadata#Port.Port",
    "@odata.id": "/redfish/v1/Chassis/System.Embedded.1/NetworkAdapters/NIC.Embedded.1/Ports/NIC.Embedded.2-1",
    "@odata.type": "#Port.v1_12_0.Port",
    "LinkNetworkTechnology": "Ethernet",
    "CurrentSpeedGbps": 0,
    "Description": "Instance of Port for NIC",
    "Ethernet": {
        "AssociatedMACAddresses": [
            "C8:4B:D6:9F:D6:CD"
        ],
        "EEEEnabled": true,
        "FlowControlConfiguration": "None",
        "FlowControlStatus": "None",
        "LLDPReceive": {},
        "WakeOnLANEnabled": false
    },
    "LinkConfiguration": [
        {
            "AutoSpeedNegotiationCapable": false,
            "AutoSpeedNegotiationEnabled": false
        }
    ],
    "FunctionMaxBandwidth": [
        {
            "AllocationPercent": 0,
            "NetworkDeviceFunction": {
                "@odata.id": "/redfish/v1/Chassis/System.Embedded.1/NetworkAdapters/NIC.Embedded.1/NetworkDeviceFunctions/NIC.Embedded.2-1-1"
            }
        }
    ],
    "FunctionMinBandwidth": [
        {
            "AllocationPercent": 0,
            "NetworkDeviceFunction": {
                "@odata.id": "/redfish/v1/Chassis/System.Embedded.1/NetworkAdapters/NIC.Embedded.1/NetworkDeviceFunctions/NIC.Embedded.2-1-1"
            }
        }
    ],
    "Id": "NIC.Embedded.2-1",
    "LinkStatus": "LinkDown",
    "Metrics": {
        "@odata.id": "/redfish/v1/Chassis/System.Embedded.1/NetworkAdapters/NIC.Embedded.1/Ports/NIC.Embedded.2-1/Metrics"
    },
    "PortId": "2",
    "Status": {
        "State": "Enabled",
        "Health": "OK",
        "HealthRollup": "OK"
    },
    "Name": "Network Inteface Card(NIC) Port View"
}