{
    "@odata.context": "/redfish/v1/$metadata#JsonSchemaFile.JsonSchemaFile",
    "@odata.id": "/redfish/v1/JsonSchemas/ConnectionMethod.v1_1_1",
    "@odata.type": "#JsonSchemaFile.v1_1_5.JsonSchemaFile",
    "Description": "ConnectionMethod Schema File Location",
    "Id": "ConnectionMethod.v1_1_1",
    "Languages": [
        "en"
    ],
    "Languages@odata.count": 1,
    "Location": [
        {
            "Language": "en",
            "PublicationUri": "http://redfish.dmtf.org/schemas/v1/ConnectionMethod.v1_1_1.json",
            "Uri": "/redfish/v1/Schemas/ConnectionMethod.v1_1_1.json"
        }
    ],
    "Location@odata.count": 1,
    "Name": "ConnectionMethod Schema File",
    "Schema": "#ConnectionMethod.v1_1_1.ConnectionMethod"
}