{
    "@odata.context": "/redfish/v1/$metadata#JsonSchemaFile.JsonSchemaFile",
    "@odata.id": "/redfish/v1/JsonSchemas/DellChassisPCIeFunction",
    "@odata.type": "#JsonSchemaFile.v1_1_5.JsonSchemaFile",
    "Description": "DellChassisPCIeFunction Schema File Location",
    "Id": "DellChassisPCIeFunction",
    "Languages": [
        "en"
    ],
    "Languages@odata.count": 1,
    "Location": [
        {
            "Language": "en",
            "PublicationUri": "http://downloads.dell.com/redfish/bmc/schemas/DellChassisPCIeFunction.json",
            "Uri": "/redfish/v1/Schemas/DellChassisPCIeFunction.json"
        }
    ],
    "Location@odata.count": 1,
    "Name": "DellChassisPCIeFunction Schema File",
    "Schema": "#DellChassisPCIeFunction.DellChassisPCIeFunction"
}