{
    "@odata.context": "/redfish/v1/$metadata#Chassis.Chassis",
    "@odata.id": "/redfish/v1/Chassis/Enclosure.Internal.0-0_RAID.SL.5-1/Settings",
    "@odata.type": "#Chassis.v1_25_1.Chassis",
    "Actions": {},
    "AssetTag": "",
    "ChassisType": "StorageEnclosure",
    "Description": "Backplane 0 on Connector 0 of RAID Controller in SL 5",
    "Id": "Enclosure.Internal.0-0:RAID.SL.5-1",
    "Links": {
        "ContainedBy": {
            "@odata.id": "/redfish/v1/Chassis/System.Embedded.1"
        },
        "Contains": [],
        "Contains@odata.count": 0,
        "Drives": [
            {
                "@odata.id": "/redfish/v1/Systems/System.Embedded.1/Storage/RAID.SL.5-1/Drives/Disk.Bay.0_Enclosure.Internal.0-0_RAID.SL.5-1"
            }
        ],
        "Drives@odata.count": 1,
        "ManagedBy": [
            {
                "@odata.id": "/redfish/v1/Managers/iDRAC.Embedded.1"
            }
        ],
        "ManagedBy@odata.count": 1,
        "PCIeDevices": [
            {
                "@odata.id": "/redfish/v1/Chassis/System.Embedded.1/PCIeDevices/80-0"
            }
        ],
        "PCIeDevices@Redfish.Deprecated": "Please migrate to use /redfish/v1/Chassis/Enclosure.Internal.0-0:RAID.SL.5-1/PCIeDevices",
        "PCIeDevices@odata.count": 1,
        "Storage": [
            {
                "@odata.id": "/redfish/v1/Systems/System.Embedded.1/Storage/RAID.SL.5-1"
            }
        ],
        "Storage@odata.count": 1
    },
    "Location": {
        "Oem": {
            "Dell": {
                "@odata.type": "#DellLocation.v1_2_0.DellLocation",
                "PartLocation": {
                    "ExtendedReference": "Rear"
                }
            }
        },
        "PartLocation": {
            "LocationType": "Backplane",
            "Reference": "Rear"
        }
    },
    "Manufacturer": null,
    "Model": "BP_PSV 0:0",
    "Name": "BP_PSV 0:0",
    "Oem": {
        "Dell": {
            "@odata.type": "#DellOemEnclosureChassis.v1_0_0.DellOemEnclosureChassis",
            "DellChassisEnclosure": {
                "BackplaneType": "NotShared",
                "Connector": 0,
                "LastSystemInventoryTime": "2025-04-03T15:50:10-05:00",
                "LastUpdateTime": "2025-04-03T10:50:09-05:00",
                "RAIDMultipath": "Off",
                "TempProbeCount": 0,
                "Version": "7.10"
            }
        }
    },
    "PCIeDevices": {
        "@odata.id": "/redfish/v1/Chassis/Enclosure.Internal.0-0_RAID.SL.5-1/PCIeDevices"
    },
    "PartNumber": null,
    "PowerState": "On",
    "PoweredByParent": true,
    "SKU": "",
    "SerialNumber": null,
    "Status": {
        "Health": "OK",
        "HealthRollup": "OK",
        "State": "Enabled"
    },
    "ThermalManagedByParent": true
}