{
    "@odata.context": "/redfish/v1/$metadata#JsonSchemaFile.JsonSchemaFile",
    "@odata.id": "/redfish/v1/JsonSchemas/DellLicensableDeviceCollection",
    "@odata.type": "#JsonSchemaFile.v1_1_5.JsonSchemaFile",
    "Description": "DellLicensableDeviceCollection Schema File Location",
    "Id": "DellLicensableDeviceCollection",
    "Languages": [
        "en"
    ],
    "Languages@odata.count": 1,
    "Location": [
        {
            "Language": "en",
            "PublicationUri": "http://downloads.dell.com/redfish/bmc/schemas/DellLicensableDeviceCollection.json",
            "Uri": "/redfish/v1/Schemas/DellLicensableDeviceCollection.json"
        }
    ],
    "Location@odata.count": 1,
    "Name": "DellLicensableDeviceCollection Schema File",
    "Schema": "#DellLicensableDeviceCollection.DellLicensableDeviceCollection"
}