{
    "@odata.context": "/redfish/v1/$metadata#DellAssembly.DellAssembly",
    "@odata.id": "/redfish/v1/Chassis/System.Embedded.1/Oem/Dell/DellAssembly/Disk.Direct.0-0_BOSS.Integrated.1-1_0x23_FRU",
    "@odata.type": "#DellAssembly.v1_1_0.DellAssembly",
    "Description": "This resource shall be used to represent an assembly information.",
    "DeviceFQDD": "Disk.Direct.0-0:BOSS.Integrated.1-1",
    "Id": "Disk.Direct.0-0:BOSS.Integrated.1-1_0x23_FRU",
    "MACAddress": null,
    "Name": "DellAssembly",
    "PackageType": "StorageMediaPackage(E.GDiskOrTapeDrive)",
    "SDKVersion": null,
    "SerialNumber": "MYMCP0034Q0ORO",
    "VendorIANA": null
}