{
    "@odata.context": "/redfish/v1/$metadata#JsonSchemaFile.JsonSchemaFile",
    "@odata.id": "/redfish/v1/JsonSchemas/DataProtectionLoSCapabilities",
    "@odata.type": "#JsonSchemaFile.v1_1_5.JsonSchemaFile",
    "Description": "DataProtectionLoSCapabilities Schema File Location",
    "Id": "DataProtectionLoSCapabilities",
    "Languages": [
        "en"
    ],
    "Languages@odata.count": 1,
    "Location": [
        {
            "Language": "en",
            "PublicationUri": "http://redfish.dmtf.org/schemas/swordfish/v1/DataProtectionLoSCapabilities.json",
            "Uri": "/redfish/v1/Schemas/DataProtectionLoSCapabilities.json"
        }
    ],
    "Location@odata.count": 1,
    "Name": "DataProtectionLoSCapabilities Schema File",
    "Schema": "#DataProtectionLoSCapabilities.DataProtectionLoSCapabilities"
}