{
    "@odata.context": "/redfish/v1/$metadata#JsonSchemaFile.JsonSchemaFile",
    "@odata.id": "/redfish/v1/JsonSchemas/DellLicenseManagementService.v1_1_0",
    "@odata.type": "#JsonSchemaFile.v1_1_5.JsonSchemaFile",
    "Description": "DellLicenseManagementService Schema File Location",
    "Id": "DellLicenseManagementService.v1_1_0",
    "Languages": [
        "en"
    ],
    "Languages@odata.count": 1,
    "Location": [
        {
            "Language": "en",
            "PublicationUri": "http://downloads.dell.com/redfish/bmc/schemas/DellLicenseManagementService.v1_1_0.json",
            "Uri": "/redfish/v1/Schemas/DellLicenseManagementService.v1_1_0.json"
        }
    ],
    "Location@odata.count": 1,
    "Name": "DellLicenseManagementService Schema File",
    "Schema": "#DellLicenseManagementService.v1_1_0.DellLicenseManagementService"
}