{
    "@odata.context": "/redfish/v1/$metadata#Job.Job",
    "@odata.id": "/redfish/v1/JobService/Jobs/JID_437128208696",
    "@odata.type": "#Job.v1_2_4.Job",
    "Description": "Represent a job in Redfish",
    "Id": "JID_437128208696",
    "Name": "System_Erase",
    "JobState": "Completed",
    "JobStatus": "OK",
    "PercentComplete": 100,
    "StartTime": "2025-04-03T15:40:20-05:00",
    "EndTime": "2025-04-03T15:43:10-05:00",
    "Messages": [
        {
            "Message": "Job completed successfully.",
            "MessageId": "IDRAC.2.9.SYS018",
            "MessageArgs": [],
            "MessageArgs@odata.count": 0
        }
    ],
    "Messages@odata.count": 1
}