{
    "@odata.context": "/redfish/v1/$metadata#Job.Job",
    "@odata.id": "/redfish/v1/JobService/Jobs/JID_428475251906",
    "@odata.type": "#Job.v1_2_4.Job",
    "Description": "Represent a job in Redfish",
    "Id": "JID_428475251906",
    "Name": "SA Export Local",
    "JobState": "Completed",
    "JobStatus": "OK",
    "PercentComplete": 100,
    "StartTime": "2025-03-24T15:18:45-05:00",
    "EndTime": "2025-03-24T15:29:21-05:00",
    "Messages": [
        {
            "Message": "The SupportAssist Collection operation is either fully or partially completed, and then exported to the local path.",
            "MessageId": "IDRAC.2.9.SRV129",
            "MessageArgs": [],
            "MessageArgs@odata.count": 0
        }
    ],
    "Messages@odata.count": 1
}