{
    "@odata.type": "#PowerSupplyMetrics.v1_1_2.PowerSupplyMetrics",
    "@odata.id": "/redfish/v1/Chassis/System.Embedded.1/PowerSubsystem/PowerSupplies/PSU.Slot.1/Metrics",
    "@odata.context": "/redfish/v1/$metadata#PowerSupplyMetrics.PowerSupplyMetrics",
    "Description": "Represents the properties of Power supply Metrics",
    "Id": "Metrics",
    "InputVoltage": {
        "DataSourceUri": "/redfish/v1/Chassis/System.Embedded.1/Sensors/PS1Voltage",
        "Reading": 208.0
    },
    "InputCurrentAmps": {
        "DataSourceUri": "/redfish/v1/Chassis/System.Embedded.1/Sensors/PS1Current1",
        "Reading": 0.6
    },
    "InputPowerWatts": {
        "DataSourceUri": "/redfish/v1/Chassis/System.Embedded.1/Sensors/PSU.Slot.1_InputPower",
        "Reading": 115.25
    },
    "OutputPowerWatts": {
        "DataSourceUri": "/redfish/v1/Chassis/System.Embedded.1/Sensors/PSU.Slot.1_OutputPower",
        "Reading": 101.625
    },
    "FrequencyHz": {
        "DataSourceUri": "/redfish/v1/Chassis/System.Embedded.1/Sensors/PSU.Slot.1_MaximumFrequency",
        "Reading": 63
    },
    "Name": "Metrics for Power Supply 1",
    "Status": {
        "Health": "OK",
        "State": "Enabled"
    }
}