{
    "@odata.context": "/redfish/v1/$metadata#JsonSchemaFile.JsonSchemaFile",
    "@odata.id": "/redfish/v1/JsonSchemas/DellJob",
    "@odata.type": "#JsonSchemaFile.v1_1_5.JsonSchemaFile",
    "Description": "DellJob Schema File Location",
    "Id": "DellJob",
    "Languages": [
        "en"
    ],
    "Languages@odata.count": 1,
    "Location": [
        {
            "Language": "en",
            "PublicationUri": "http://downloads.dell.com/redfish/bmc/schemas/DellJob.json",
            "Uri": "/redfish/v1/Schemas/DellJob.json"
        }
    ],
    "Location@odata.count": 1,
    "Name": "DellJob Schema File",
    "Schema": "#DellJob.DellJob"
}