{
    "@odata.context": "/redfish/v1/$metadata#PCIeFunction.PCIeFunction",
    "@odata.etag": "\"1743713439\"",
    "@odata.type": "#PCIeFunction.v1_6_0.PCIeFunction",
    "@odata.id": "/redfish/v1/Chassis/System.Embedded.1/PCIeDevices/61-0/PCIeFunctions/61-0-0",
    "ClassCode": "0x020000",
    "Description": "BCM57414 NetXtreme-E 10Gb/25Gb RDMA Ethernet Controller",
    "DeviceClass": "NetworkController",
    "DeviceId": "0x16d7",
    "Enabled": true,
    "FunctionId": 0,
    "FunctionType": "Physical",
    "Id": "61-0-0",
    "Links": {
        "StorageControllers": [],
        "StorageControllers@odata.count": 0,
        "Drives": [],
        "Drives@odata.count": 0,
        "EthernetInterfaces": [
            {
                "@odata.id": "/redfish/v1/Systems/System.Embedded.1/EthernetInterfaces/NIC.Integrated.1-1-1"
            }
        ],
        "EthernetInterfaces@odata.count": 1,
        "PCIeDevice": {
            "@odata.id": "/redfish/v1/Chassis/System.Embedded.1/PCIeDevices/61-0"
        }
    },
    "Name": "BCM57414 NetXtreme-E 10Gb/25Gb RDMA Ethernet Controller",
    "Oem": {
        "Dell": {
            "@odata.type": "#DellChassisPCIeFunction.v1_1_0.DellPCIeFunction",
            "DellPCIeFunction": {
                "DataBusWidth": "Unknown",
                "LastSystemInventoryTime": "2025-04-03T20:50:10+00:00",
                "LastUpdateTime": "2025-04-03T21:50:09+00:00",
                "SlotLength": "Unknown",
                "SlotType": "Unknown",
                "Id": "NIC.Integrated.1-1-1"
            }
        }
    },
    "RevisionId": "0x01",
    "Status": {
        "State": "Enabled",
        "Health": "OK",
        "HealthRollup": "OK"
    },
    "SubsystemId": "0x4145",
    "SubsystemVendorId": "0x14e4",
    "VendorId": "0x14e4"
}