{
    "@odata.context": "/redfish/v1/$metadata#JsonSchemaFile.JsonSchemaFile",
    "@odata.id": "/redfish/v1/JsonSchemas/AggregateCollection",
    "@odata.type": "#JsonSchemaFile.v1_1_5.JsonSchemaFile",
    "Description": "AggregateCollection Schema File Location",
    "Id": "AggregateCollection",
    "Languages": [
        "en"
    ],
    "Languages@odata.count": 1,
    "Location": [
        {
            "Language": "en",
            "PublicationUri": "http://redfish.dmtf.org/schemas/v1/AggregateCollection.json",
            "Uri": "/redfish/v1/Schemas/AggregateCollection.json"
        }
    ],
    "Location@odata.count": 1,
    "Name": "AggregateCollection Schema File",
    "Schema": "#AggregateCollection.AggregateCollection"
}