{
    "@odata.context": "/redfish/v1/$metadata#JsonSchemaFile.JsonSchemaFile",
    "@odata.id": "/redfish/v1/JsonSchemas/DellGPUSensor.v1_2_0",
    "@odata.type": "#JsonSchemaFile.v1_1_5.JsonSchemaFile",
    "Description": "DellGPUSensor Schema File Location",
    "Id": "DellGPUSensor.v1_2_0",
    "Languages": [
        "en"
    ],
    "Languages@odata.count": 1,
    "Location": [
        {
            "Language": "en",
            "PublicationUri": "http://downloads.dell.com/redfish/bmc/schemas/DellGPUSensor.v1_2_0.json",
            "Uri": "/redfish/v1/Schemas/DellGPUSensor.v1_2_0.json"
        }
    ],
    "Location@odata.count": 1,
    "Name": "DellGPUSensor Schema File",
    "Schema": "#DellGPUSensor.v1_2_0.DellGPUSensor"
}