{
    "@Redfish.Settings": {
        "@odata.context": "/redfish/v1/$metadata#Settings.Settings",
        "@odata.type": "#Settings.v1_4_0.Settings",
        "SettingsObject": {
            "@odata.id": "/redfish/v1/Chassis/Enclosure.Internal.0-1_RAID.SL.5-1/Settings"
        },
        "SupportedApplyTimes": [
            "Immediate",
            "OnReset",
            "AtMaintenanceWindowStart",
            "InMaintenanceWindowOnReset"
        ]
    },
    "@odata.context": "/redfish/v1/$metadata#Chassis.Chassis",
    "@odata.id": "/redfish/v1/Chassis/Enclosure.Internal.0-1_RAID.SL.5-1",
    "@odata.type": "#Chassis.v1_25_1.Chassis",
    "Actions": {},
    "AssetTag": "",
    "ChassisType": "StorageEnclosure",
    "Description": "Backplane 1 on Connector 0 of RAID Controller in SL 5",
    "Id": "Enclosure.Internal.0-1:RAID.SL.5-1",
    "Links": {
        "ContainedBy": {
            "@odata.id": "/redfish/v1/Chassis/System.Embedded.1"
        },
        "Contains": [],
        "Contains@odata.count": 0,
        "Drives": [
            {
                "@odata.id": "/redfish/v1/Systems/System.Embedded.1/Storage/RAID.SL.5-1/Drives/Disk.Bay.0_Enclosure.Internal.0-1_RAID.SL.5-1"
            }
        ],
        "Drives@odata.count": 1,
        "ManagedBy": [
            {
                "@odata.id": "/redfish/v1/Managers/iDRAC.Embedded.1"
            }
        ],
        "ManagedBy@odata.count": 1,
        "PCIeDevices": [
            {
                "@odata.id": "/redfish/v1/Chassis/System.Embedded.1/PCIeDevices/80-0"
            }
        ],
        "PCIeDevices@Redfish.Deprecated": "Please migrate to use /redfish/v1/Chassis/Enclosure.Internal.0-1:RAID.SL.5-1/PCIeDevices",
        "PCIeDevices@odata.count": 1,
        "Storage": [
            {
                "@odata.id": "/redfish/v1/Systems/System.Embedded.1/Storage/RAID.SL.5-1"
            }
        ],
        "Storage@odata.count": 1
    },
    "Location": {
        "Oem": {
            "Dell": {
                "@odata.type": "#DellLocation.v1_2_0.DellLocation",
                "PartLocation": {
                    "ExtendedReference": "Front"
                }
            }
        },
        "PartLocation": {
            "LocationType": "Backplane",
            "Reference": "Front"
        }
    },
    "Manufacturer": null,
    "Model": "BP_PSV 0:1",
    "Name": "BP_PSV 0:1",
    "Oem": {
        "Dell": {
            "@odata.type": "#DellOemEnclosureChassis.v1_0_0.DellOemEnclosureChassis",
            "DellChassisEnclosure": {
                "AssetName": null,
                "BackplaneType": "NotShared",
                "Connector": 0,
                "LastSystemInventoryTime": "2025-04-03T15:50:10-05:00",
                "LastUpdateTime": "2025-04-03T10:50:09-05:00",
                "Links": {
                    "DellEnclosureEMMCollection": [],
                    "DellEnclosureEMMCollection@odata.count": 0
                },
                "RAIDMultipath": "Off",
                "ServiceTag": null,
                "SlotCount": 10,
                "TempProbeCount": 0,
                "Version": "7.10",
                "WiredOrder": 1
            },
            "DellEnclosure": {
                "@odata.context": "/redfish/v1/$metadata#DellEnclosure.DellEnclosure",
                "@odata.id": "/redfish/v1/Chassis/Enclosure.Internal.0-1_RAID.SL.5-1/Oem/Dell/DellEnclosures/Enclosure.Internal.0-1_RAID.SL.5-1",
                "@odata.type": "#DellEnclosure.v1_1_0.DellEnclosure",
                "AssetName": null,
                "Connector": 0,
                "Description": "An instance of DellEnclosure will have storage enclosure specific data.",
                "Id": "Enclosure.Internal.0-1:RAID.SL.5-1",
                "LastSystemInventoryTime": "2025-04-03T20:50:10+00:00",
                "LastUpdateTime": "2025-04-03T15:50:09+00:00",
                "Links": {
                    "DellEnclosureEMMCollection": [],
                    "DellEnclosureEMMCollection@odata.count": 0
                },
                "Name": "DellEnclosure",
                "ServiceTag": null,
                "SlotCount": 10,
                "TempProbeCount": 0,
                "Version": "7.10",
                "WiredOrder": 1
            },
            "DellEnclosure@Redfish.Deprecated": "Please migrate to use DellChassisEnclosure"
        }
    },
    "PCIeDevices": {
        "@odata.id": "/redfish/v1/Chassis/Enclosure.Internal.0-1_RAID.SL.5-1/PCIeDevices"
    },
    "PartNumber": null,
    "PowerState": "On",
    "PoweredByParent": true,
    "SKU": "",
    "SerialNumber": null,
    "Status": {
        "Health": "OK",
        "HealthRollup": "OK",
        "State": "Enabled"
    },
    "ThermalManagedByParent": true
}