{
    "@odata.context": "/redfish/v1/$metadata#Power.Power",
    "@odata.id": "/redfish/v1/Chassis/System.Embedded.1/Power",
    "@odata.type": "#Power.v1_7_3.Power",
    "Name": "Power",
    "Id": "Power",
    "Description": "Power",
    "PowerControl": [
        {
            "@odata.context": "/redfish/v1/$metadata#Power.Power",
            "@odata.type": "#Power.v1_7_3.PowerControl",
            "@odata.id": "/redfish/v1/Chassis/System.Embedded.1/Power#/PowerControl/0",
            "Name": "System Power Control",
            "MemberId": "0",
            "PowerAllocatedWatts": 2964,
            "PowerAvailableWatts": 0,
            "PowerCapacityWatts": 3920.0,
            "PowerConsumedWatts": 224,
            "PowerLimit": {
                "CorrectionInMs": 0,
                "LimitException": "HardPowerOff",
                "LimitInWatts": 100
            },
            "PowerMetrics": {
                "AverageConsumedWatts": 224,
                "IntervalInMin": 1,
                "MaxConsumedWatts": 373,
                "MinConsumedWatts": 19
            },
            "PowerRequestedWatts": 814.282104492188,
            "RelatedItem": [
                {
                    "@odata.id": "/redfish/v1/Chassis/System.Embedded.1"
                },
                {
                    "@odata.id": "/redfish/v1/Systems/System.Embedded.1"
                }
            ]
        }
    ],
    "PowerControl@odata.count": 1,
    "PowerSupplies": [
        {
            "@odata.context": "/redfish/v1/$metadata#Power.Power",
            "@odata.type": "#Power.v1_7_3.PowerSupply",
            "@odata.id": "/redfish/v1/Chassis/System.Embedded.1/Power#/PowerSupplies/0",
            "Name": "PS1 Status",
            "MemberId": "0",
            "Assembly": {
                "@odata.id": "/redfish/v1/Chassis/System.Embedded.1/Power/PowerSupplies/PSU.Slot.1/Assembly"
            },
            "FirmwareVersion": "00.1D.9C",
            "InputRanges": [
                {
                    "InputType": "AC",
                    "MaximumFrequencyHz": 63,
                    "MaximumVoltage": 264,
                    "MinimumFrequencyHz": 47,
                    "MinimumVoltage": 90,
                    "OutputWattage": 1400
                }
            ],
            "EfficiencyPercent": 93.9999997615814,
            "HotPluggable": true,
            "PowerOutputWatts": 101.625,
            "PowerInputWatts": 115.25,
            "LastPowerOutputWatts": 101.625,
            "LineInputVoltage": 208,
            "LineInputVoltageType": "AC240V",
            "Manufacturer": "DELL",
            "Model": "PWR SPLY,1400W,RDNT,DELTA",
            "PartNumber": "07DWXYA02",
            "PowerCapacityWatts": 1400,
            "PowerSupplyType": "AC",
            "SerialNumber": "CNDED0035G1M8N",
            "SparePartNumber": "07DWXYA02",
            "Redundancy": [],
            "Redundancy@odata.count": 0,
            "RelatedItem": [
                {
                    "@odata.id": "/redfish/v1/Chassis/System.Embedded.1"
                }
            ],
            "Status": {
                "Health": "OK",
                "State": "Enabled"
            },
            "Oem": {
                "Dell": {
                    "@odata.type": "#DellOem.v1_3_0.DellOemResources",
                    "DellPowerSupply": {
                        "ActiveInputVoltage": "Unknown",
                        "ActiveInputVoltage@Redfish.Deprecated": "Please migrate to use InputNominalVoltageType under DMTF PowerSupply",
                        "Id": "PSU.Slot.1",
                        "IsSwitchingSupply": true,
                        "OperationalStatus": [
                            "OK"
                        ],
                        "OperationalStatus@odata.count": 1,
                        "RequestedState": "NotApplicable",
                        "Links": {
                            "DellPSNumericSensorCollection": [
                                {
                                    "@odata.id": "/redfish/v1/Systems/System.Embedded.1/Oem/Dell/DellPSNumericSensors/iDRAC.Embedded.1_0x23_PS1Current1"
                                }
                            ],
                            "DellPSNumericSensorCollection@odata.count": 1
                        },
                        "Name": "DellPowerSupply",
                        "@odata.context": "/redfish/v1/$metadata#DellPowerSupply.DellPowerSupply",
                        "@odata.type": "#DellPowerSupply.v1_1_1.DellPowerSupply",
                        "@odata.id": "/redfish/v1/Chassis/System.Embedded.1/Power/Oem/Dell/DellPowerSupply/PSU.Slot.1"
                    },
                    "DellPowerSupplyView": {
                        "DetailedState": "Presence Detected",
                        "DeviceDescription": "Power Supply 1",
                        "Id": "PSU.Slot.1",
                        "LastSystemInventoryTime": "2025-04-03T20:50:10+00:00",
                        "LastUpdateTime": "2025-04-03T21:36:17+00:00",
                        "Name": "DellPowerSupplyView",
                        "PMBusMonitoring": "Capable",
                        "Range1MaxInputPowerWatts": 1568,
                        "RedMinNumberNeeded": 1,
                        "RedTypeOfSet@odata.count": 1,
                        "RedTypeOfSet": [
                            "N+1"
                        ],
                        "RedundancyStatus": "Unknown",
                        "@odata.context": "/redfish/v1/$metadata#DellPowerSupplyView.DellPowerSupplyView",
                        "@odata.type": "#DellPowerSupplyView.v1_3_0.DellPowerSupplyView",
                        "@odata.id": "/redfish/v1/Chassis/System.Embedded.1/Power/Oem/Dell/DellPowerSupplyInventory/PSU.Slot.1"
                    }
                }
            }
        },
        {
            "@odata.context": "/redfish/v1/$metadata#Power.Power",
            "@odata.type": "#Power.v1_7_3.PowerSupply",
            "@odata.id": "/redfish/v1/Chassis/System.Embedded.1/Power#/PowerSupplies/1",
            "Name": "PS2 Status",
            "MemberId": "1",
            "Assembly": {
                "@odata.id": "/redfish/v1/Chassis/System.Embedded.1/Power/PowerSupplies/PSU.Slot.2/Assembly"
            },
            "FirmwareVersion": "00.1D.9C",
            "InputRanges": [
                {
                    "InputType": "AC",
                    "MaximumFrequencyHz": 63,
                    "MaximumVoltage": 264,
                    "MinimumFrequencyHz": 47,
                    "MinimumVoltage": 90,
                    "OutputWattage": 1400
                }
            ],
            "EfficiencyPercent": 93.9999997615814,
            "HotPluggable": true,
            "PowerOutputWatts": 103.75,
            "PowerInputWatts": 113.875,
            "LastPowerOutputWatts": 103.75,
            "LineInputVoltage": 208,
            "LineInputVoltageType": "AC240V",
            "Manufacturer": "DELL",
            "Model": "PWR SPLY,1400W,RDNT,DELTA",
            "PartNumber": "07DWXYA02",
            "PowerCapacityWatts": 1400,
            "PowerSupplyType": "AC",
            "SerialNumber": "CNDED0035G1MA8",
            "SparePartNumber": "07DWXYA02",
            "Redundancy": [],
            "Redundancy@odata.count": 0,
            "RelatedItem": [
                {
                    "@odata.id": "/redfish/v1/Chassis/System.Embedded.1"
                }
            ],
            "Status": {
                "Health": "OK",
                "State": "Enabled"
            },
            "Oem": {
                "Dell": {
                    "@odata.type": "#DellOem.v1_3_0.DellOemResources",
                    "DellPowerSupply": {
                        "ActiveInputVoltage": "Unknown",
                        "ActiveInputVoltage@Redfish.Deprecated": "Please migrate to use InputNominalVoltageType under DMTF PowerSupply",
                        "Id": "PSU.Slot.2",
                        "IsSwitchingSupply": true,
                        "OperationalStatus": [
                            "OK"
                        ],
                        "OperationalStatus@odata.count": 1,
                        "RequestedState": "NotApplicable",
                        "Links": {
                            "DellPSNumericSensorCollection": [
                                {
                                    "@odata.id": "/redfish/v1/Systems/System.Embedded.1/Oem/Dell/DellPSNumericSensors/iDRAC.Embedded.1_0x23_PS2Current2"
                                }
                            ],
                            "DellPSNumericSensorCollection@odata.count": 1
                        },
                        "Name": "DellPowerSupply",
                        "@odata.context": "/redfish/v1/$metadata#DellPowerSupply.DellPowerSupply",
                        "@odata.type": "#DellPowerSupply.v1_1_1.DellPowerSupply",
                        "@odata.id": "/redfish/v1/Chassis/System.Embedded.1/Power/Oem/Dell/DellPowerSupply/PSU.Slot.2"
                    },
                    "DellPowerSupplyView": {
                        "DetailedState": "Presence Detected",
                        "DeviceDescription": "Power Supply 2",
                        "Id": "PSU.Slot.2",
                        "LastSystemInventoryTime": "2025-04-03T20:50:10+00:00",
                        "LastUpdateTime": "2025-04-03T21:36:16+00:00",
                        "Name": "DellPowerSupplyView",
                        "PMBusMonitoring": "Capable",
                        "Range1MaxInputPowerWatts": 1568,
                        "RedMinNumberNeeded": 1,
                        "RedTypeOfSet@odata.count": 1,
                        "RedTypeOfSet": [
                            "N+1"
                        ],
                        "RedundancyStatus": "Unknown",
                        "@odata.context": "/redfish/v1/$metadata#DellPowerSupplyView.DellPowerSupplyView",
                        "@odata.type": "#DellPowerSupplyView.v1_3_0.DellPowerSupplyView",
                        "@odata.id": "/redfish/v1/Chassis/System.Embedded.1/Power/Oem/Dell/DellPowerSupplyInventory/PSU.Slot.2"
                    }
                }
            }
        }
    ],
    "PowerSupplies@odata.count": 2,
    "Redundancy": [],
    "Redundancy@odata.count": 0,
    "Voltages": [
        {
            "@odata.context": "/redfish/v1/$metadata#Power.Power",
            "@odata.type": "#Power.v1_7_3.Voltage",
            "@odata.id": "/redfish/v1/Chassis/System.Embedded.1/Power#/Voltages/0",
            "Name": "PS1 Voltage 1",
            "MemberId": "0",
            "LowerThresholdCritical": null,
            "LowerThresholdFatal": null,
            "LowerThresholdNonCritical": null,
            "PhysicalContext": "PowerSupply",
            "ReadingVolts": 208.0,
            "SensorNumber": 109,
            "RelatedItem": [
                {
                    "@odata.id": "/redfish/v1/Chassis/System.Embedded.1/Power#/PowerSupplies/0"
                }
            ],
            "Status": {
                "Health": "OK",
                "State": "Enabled"
            },
            "UpperThresholdCritical": null,
            "UpperThresholdFatal": null,
            "UpperThresholdNonCritical": null
        },
        {
            "@odata.context": "/redfish/v1/$metadata#Power.Power",
            "@odata.type": "#Power.v1_7_3.Voltage",
            "@odata.id": "/redfish/v1/Chassis/System.Embedded.1/Power#/Voltages/1",
            "Name": "PS2 Voltage 2",
            "MemberId": "1",
            "LowerThresholdCritical": null,
            "LowerThresholdFatal": null,
            "LowerThresholdNonCritical": null,
            "PhysicalContext": "PowerSupply",
            "ReadingVolts": 208.0,
            "SensorNumber": 110,
            "RelatedItem": [
                {
                    "@odata.id": "/redfish/v1/Chassis/System.Embedded.1/Power#/PowerSupplies/1"
                }
            ],
            "Status": {
                "Health": "OK",
                "State": "Enabled"
            },
            "UpperThresholdCritical": null,
            "UpperThresholdFatal": null,
            "UpperThresholdNonCritical": null
        },
        {
            "@odata.context": "/redfish/v1/$metadata#Power.Power",
            "@odata.type": "#Power.v1_7_3.Voltage",
            "@odata.id": "/redfish/v1/Chassis/System.Embedded.1/Power#/Voltages/2",
            "Name": "System Board Pfault Fail Safe",
            "MemberId": "2",
            "LowerThresholdCritical": null,
            "LowerThresholdFatal": null,
            "LowerThresholdNonCritical": null,
            "PhysicalContext": "SystemBoard",
            "ReadingVolts": null,
            "SensorNumber": 116,
            "RelatedItem": [
                {
                    "@odata.id": "/redfish/v1/Chassis/System.Embedded.1"
                }
            ],
            "Status": {
                "Health": "OK",
                "State": "Enabled"
            },
            "UpperThresholdCritical": null,
            "UpperThresholdFatal": null,
            "UpperThresholdNonCritical": null
        },
        {
            "@odata.context": "/redfish/v1/$metadata#Power.Power",
            "@odata.type": "#Power.v1_7_3.Voltage",
            "@odata.id": "/redfish/v1/Chassis/System.Embedded.1/Power#/Voltages/3",
            "Name": "System Board PS1 PG FAIL",
            "MemberId": "3",
            "LowerThresholdCritical": null,
            "LowerThresholdFatal": null,
            "LowerThresholdNonCritical": null,
            "PhysicalContext": "SystemBoard",
            "ReadingVolts": null,
            "SensorNumber": 8,
            "RelatedItem": [
                {
                    "@odata.id": "/redfish/v1/Chassis/System.Embedded.1"
                }
            ],
            "Status": {
                "Health": "OK",
                "State": "Enabled"
            },
            "UpperThresholdCritical": null,
            "UpperThresholdFatal": null,
            "UpperThresholdNonCritical": null
        },
        {
            "@odata.context": "/redfish/v1/$metadata#Power.Power",
            "@odata.type": "#Power.v1_7_3.Voltage",
            "@odata.id": "/redfish/v1/Chassis/System.Embedded.1/Power#/Voltages/4",
            "Name": "System Board PS2 PG FAIL",
            "MemberId": "4",
            "LowerThresholdCritical": null,
            "LowerThresholdFatal": null,
            "LowerThresholdNonCritical": null,
            "PhysicalContext": "SystemBoard",
            "ReadingVolts": null,
            "SensorNumber": 9,
            "RelatedItem": [
                {
                    "@odata.id": "/redfish/v1/Chassis/System.Embedded.1"
                }
            ],
            "Status": {
                "Health": "OK",
                "State": "Enabled"
            },
            "UpperThresholdCritical": null,
            "UpperThresholdFatal": null,
            "UpperThresholdNonCritical": null
        },
        {
            "@odata.context": "/redfish/v1/$metadata#Power.Power",
            "@odata.type": "#Power.v1_7_3.Voltage",
            "@odata.id": "/redfish/v1/Chassis/System.Embedded.1/Power#/Voltages/5",
            "Name": "CPU1 VCCIN PG",
            "MemberId": "5",
            "LowerThresholdCritical": null,
            "LowerThresholdFatal": null,
            "LowerThresholdNonCritical": null,
            "PhysicalContext": "CPU",
            "ReadingVolts": null,
            "SensorNumber": 10,
            "RelatedItem": [
                {
                    "@odata.id": "/redfish/v1/Systems/System.Embedded.1/Processors/CPU.Socket.1"
                }
            ],
            "Status": {
                "Health": "OK",
                "State": "Enabled"
            },
            "UpperThresholdCritical": null,
            "UpperThresholdFatal": null,
            "UpperThresholdNonCritical": null
        },
        {
            "@odata.context": "/redfish/v1/$metadata#Power.Power",
            "@odata.type": "#Power.v1_7_3.Voltage",
            "@odata.id": "/redfish/v1/Chassis/System.Embedded.1/Power#/Voltages/6",
            "Name": "CPU2 VCCIN PG",
            "MemberId": "6",
            "LowerThresholdCritical": null,
            "LowerThresholdFatal": null,
            "LowerThresholdNonCritical": null,
            "PhysicalContext": "CPU",
            "ReadingVolts": null,
            "SensorNumber": 11,
            "RelatedItem": [
                {
                    "@odata.id": "/redfish/v1/Systems/System.Embedded.1/Processors/CPU.Socket.2"
                }
            ],
            "Status": {
                "Health": "OK",
                "State": "Enabled"
            },
            "UpperThresholdCritical": null,
            "UpperThresholdFatal": null,
            "UpperThresholdNonCritical": null
        },
        {
            "@odata.context": "/redfish/v1/$metadata#Power.Power",
            "@odata.type": "#Power.v1_7_3.Voltage",
            "@odata.id": "/redfish/v1/Chassis/System.Embedded.1/Power#/Voltages/7",
            "Name": "System Board BP0 PG",
            "MemberId": "7",
            "LowerThresholdCritical": null,
            "LowerThresholdFatal": null,
            "LowerThresholdNonCritical": null,
            "PhysicalContext": "SystemBoard",
            "ReadingVolts": null,
            "SensorNumber": 12,
            "RelatedItem": [
                {
                    "@odata.id": "/redfish/v1/Chassis/System.Embedded.1"
                }
            ],
            "Status": {
                "Health": "OK",
                "State": "Enabled"
            },
            "UpperThresholdCritical": null,
            "UpperThresholdFatal": null,
            "UpperThresholdNonCritical": null
        },
        {
            "@odata.context": "/redfish/v1/$metadata#Power.Power",
            "@odata.type": "#Power.v1_7_3.Voltage",
            "@odata.id": "/redfish/v1/Chassis/System.Embedded.1/Power#/Voltages/8",
            "Name": "System Board BP1 PG",
            "MemberId": "8",
            "LowerThresholdCritical": null,
            "LowerThresholdFatal": null,
            "LowerThresholdNonCritical": null,
            "PhysicalContext": "SystemBoard",
            "ReadingVolts": null,
            "SensorNumber": 13,
            "RelatedItem": [
                {
                    "@odata.id": "/redfish/v1/Chassis/System.Embedded.1"
                }
            ],
            "Status": {
                "Health": "OK",
                "State": "Enabled"
            },
            "UpperThresholdCritical": null,
            "UpperThresholdFatal": null,
            "UpperThresholdNonCritical": null
        },
        {
            "@odata.context": "/redfish/v1/$metadata#Power.Power",
            "@odata.type": "#Power.v1_7_3.Voltage",
            "@odata.id": "/redfish/v1/Chassis/System.Embedded.1/Power#/Voltages/9",
            "Name": "System Board BP2 PG",
            "MemberId": "9",
            "LowerThresholdCritical": null,
            "LowerThresholdFatal": null,
            "LowerThresholdNonCritical": null,
            "PhysicalContext": "SystemBoard",
            "ReadingVolts": null,
            "SensorNumber": 14,
            "RelatedItem": [
                {
                    "@odata.id": "/redfish/v1/Chassis/System.Embedded.1"
                }
            ],
            "Status": {
                "Health": "OK",
                "State": "Enabled"
            },
            "UpperThresholdCritical": null,
            "UpperThresholdFatal": null,
            "UpperThresholdNonCritical": null
        },
        {
            "@odata.context": "/redfish/v1/$metadata#Power.Power",
            "@odata.type": "#Power.v1_7_3.Voltage",
            "@odata.id": "/redfish/v1/Chassis/System.Embedded.1/Power#/Voltages/10",
            "Name": "System Board 1V05 SW PG",
            "MemberId": "10",
            "LowerThresholdCritical": null,
            "LowerThresholdFatal": null,
            "LowerThresholdNonCritical": null,
            "PhysicalContext": "SystemBoard",
            "ReadingVolts": null,
            "SensorNumber": 15,
            "RelatedItem": [
                {
                    "@odata.id": "/redfish/v1/Chassis/System.Embedded.1"
                }
            ],
            "Status": {
                "Health": "OK",
                "State": "Enabled"
            },
            "UpperThresholdCritical": null,
            "UpperThresholdFatal": null,
            "UpperThresholdNonCritical": null
        },
        {
            "@odata.context": "/redfish/v1/$metadata#Power.Power",
            "@odata.type": "#Power.v1_7_3.Voltage",
            "@odata.id": "/redfish/v1/Chassis/System.Embedded.1/Power#/Voltages/11",
            "Name": "System Board 3.3V A PG",
            "MemberId": "11",
            "LowerThresholdCritical": null,
            "LowerThresholdFatal": null,
            "LowerThresholdNonCritical": null,
            "PhysicalContext": "SystemBoard",
            "ReadingVolts": null,
            "SensorNumber": 16,
            "RelatedItem": [
                {
                    "@odata.id": "/redfish/v1/Chassis/System.Embedded.1"
                }
            ],
            "Status": {
                "Health": "OK",
                "State": "Enabled"
            },
            "UpperThresholdCritical": null,
            "UpperThresholdFatal": null,
            "UpperThresholdNonCritical": null
        },
        {
            "@odata.context": "/redfish/v1/$metadata#Power.Power",
            "@odata.type": "#Power.v1_7_3.Voltage",
            "@odata.id": "/redfish/v1/Chassis/System.Embedded.1/Power#/Voltages/12",
            "Name": "System Board 5V SW PG",
            "MemberId": "12",
            "LowerThresholdCritical": null,
            "LowerThresholdFatal": null,
            "LowerThresholdNonCritical": null,
            "PhysicalContext": "SystemBoard",
            "ReadingVolts": null,
            "SensorNumber": 17,
            "RelatedItem": [
                {
                    "@odata.id": "/redfish/v1/Chassis/System.Embedded.1"
                }
            ],
            "Status": {
                "Health": "OK",
                "State": "Enabled"
            },
            "UpperThresholdCritical": null,
            "UpperThresholdFatal": null,
            "UpperThresholdNonCritical": null
        },
        {
            "@odata.context": "/redfish/v1/$metadata#Power.Power",
            "@odata.type": "#Power.v1_7_3.Voltage",
            "@odata.id": "/redfish/v1/Chassis/System.Embedded.1/Power#/Voltages/13",
            "Name": "System Board BMC SW PG",
            "MemberId": "13",
            "LowerThresholdCritical": null,
            "LowerThresholdFatal": null,
            "LowerThresholdNonCritical": null,
            "PhysicalContext": "SystemBoard",
            "ReadingVolts": null,
            "SensorNumber": 18,
            "RelatedItem": [
                {
                    "@odata.id": "/redfish/v1/Chassis/System.Embedded.1"
                }
            ],
            "Status": {
                "Health": "OK",
                "State": "Enabled"
            },
            "UpperThresholdCritical": null,
            "UpperThresholdFatal": null,
            "UpperThresholdNonCritical": null
        },
        {
            "@odata.context": "/redfish/v1/$metadata#Power.Power",
            "@odata.type": "#Power.v1_7_3.Voltage",
            "@odata.id": "/redfish/v1/Chassis/System.Embedded.1/Power#/Voltages/14",
            "Name": "System Board OCP1 PG",
            "MemberId": "14",
            "LowerThresholdCritical": null,
            "LowerThresholdFatal": null,
            "LowerThresholdNonCritical": null,
            "PhysicalContext": "SystemBoard",
            "ReadingVolts": null,
            "SensorNumber": 19,
            "RelatedItem": [
                {
                    "@odata.id": "/redfish/v1/Chassis/System.Embedded.1"
                }
            ],
            "Status": {
                "Health": "OK",
                "State": "Enabled"
            },
            "UpperThresholdCritical": null,
            "UpperThresholdFatal": null,
            "UpperThresholdNonCritical": null
        },
        {
            "@odata.context": "/redfish/v1/$metadata#Power.Power",
            "@odata.type": "#Power.v1_7_3.Voltage",
            "@odata.id": "/redfish/v1/Chassis/System.Embedded.1/Power#/Voltages/15",
            "Name": "System Board P5V PG",
            "MemberId": "15",
            "LowerThresholdCritical": null,
            "LowerThresholdFatal": null,
            "LowerThresholdNonCritical": null,
            "PhysicalContext": "SystemBoard",
            "ReadingVolts": null,
            "SensorNumber": 20,
            "RelatedItem": [
                {
                    "@odata.id": "/redfish/v1/Chassis/System.Embedded.1"
                }
            ],
            "Status": {
                "Health": "OK",
                "State": "Enabled"
            },
            "UpperThresholdCritical": null,
            "UpperThresholdFatal": null,
            "UpperThresholdNonCritical": null
        },
        {
            "@odata.context": "/redfish/v1/$metadata#Power.Power",
            "@odata.type": "#Power.v1_7_3.Voltage",
            "@odata.id": "/redfish/v1/Chassis/System.Embedded.1/Power#/Voltages/16",
            "Name": "CPU1 VCCD PG",
            "MemberId": "16",
            "LowerThresholdCritical": null,
            "LowerThresholdFatal": null,
            "LowerThresholdNonCritical": null,
            "PhysicalContext": "CPU",
            "ReadingVolts": null,
            "SensorNumber": 25,
            "RelatedItem": [
                {
                    "@odata.id": "/redfish/v1/Systems/System.Embedded.1/Processors/CPU.Socket.1"
                }
            ],
            "Status": {
                "Health": "OK",
                "State": "Enabled"
            },
            "UpperThresholdCritical": null,
            "UpperThresholdFatal": null,
            "UpperThresholdNonCritical": null
        },
        {
            "@odata.context": "/redfish/v1/$metadata#Power.Power",
            "@odata.type": "#Power.v1_7_3.Voltage",
            "@odata.id": "/redfish/v1/Chassis/System.Embedded.1/Power#/Voltages/17",
            "Name": "CPU1 HBM VPP PG",
            "MemberId": "17",
            "LowerThresholdCritical": null,
            "LowerThresholdFatal": null,
            "LowerThresholdNonCritical": null,
            "PhysicalContext": "CPU",
            "ReadingVolts": null,
            "SensorNumber": 26,
            "RelatedItem": [
                {
                    "@odata.id": "/redfish/v1/Systems/System.Embedded.1/Processors/CPU.Socket.1"
                }
            ],
            "Status": {
                "Health": "OK",
                "State": "Enabled"
            },
            "UpperThresholdCritical": null,
            "UpperThresholdFatal": null,
            "UpperThresholdNonCritical": null
        },
        {
            "@odata.context": "/redfish/v1/$metadata#Power.Power",
            "@odata.type": "#Power.v1_7_3.Voltage",
            "@odata.id": "/redfish/v1/Chassis/System.Embedded.1/Power#/Voltages/18",
            "Name": "CPU1 VCCFA PG",
            "MemberId": "18",
            "LowerThresholdCritical": null,
            "LowerThresholdFatal": null,
            "LowerThresholdNonCritical": null,
            "PhysicalContext": "CPU",
            "ReadingVolts": null,
            "SensorNumber": 27,
            "RelatedItem": [
                {
                    "@odata.id": "/redfish/v1/Systems/System.Embedded.1/Processors/CPU.Socket.1"
                }
            ],
            "Status": {
                "Health": "OK",
                "State": "Enabled"
            },
            "UpperThresholdCritical": null,
            "UpperThresholdFatal": null,
            "UpperThresholdNonCritical": null
        },
        {
            "@odata.context": "/redfish/v1/$metadata#Power.Power",
            "@odata.type": "#Power.v1_7_3.Voltage",
            "@odata.id": "/redfish/v1/Chassis/System.Embedded.1/Power#/Voltages/19",
            "Name": "CPU1 FIVRA PG",
            "MemberId": "19",
            "LowerThresholdCritical": null,
            "LowerThresholdFatal": null,
            "LowerThresholdNonCritical": null,
            "PhysicalContext": "CPU",
            "ReadingVolts": null,
            "SensorNumber": 28,
            "RelatedItem": [
                {
                    "@odata.id": "/redfish/v1/Systems/System.Embedded.1/Processors/CPU.Socket.1"
                }
            ],
            "Status": {
                "Health": "OK",
                "State": "Enabled"
            },
            "UpperThresholdCritical": null,
            "UpperThresholdFatal": null,
            "UpperThresholdNonCritical": null
        },
        {
            "@odata.context": "/redfish/v1/$metadata#Power.Power",
            "@odata.type": "#Power.v1_7_3.Voltage",
            "@odata.id": "/redfish/v1/Chassis/System.Embedded.1/Power#/Voltages/20",
            "Name": "CPU1 INFAON PG",
            "MemberId": "20",
            "LowerThresholdCritical": null,
            "LowerThresholdFatal": null,
            "LowerThresholdNonCritical": null,
            "PhysicalContext": "CPU",
            "ReadingVolts": null,
            "SensorNumber": 29,
            "RelatedItem": [
                {
                    "@odata.id": "/redfish/v1/Systems/System.Embedded.1/Processors/CPU.Socket.1"
                }
            ],
            "Status": {
                "Health": "OK",
                "State": "Enabled"
            },
            "UpperThresholdCritical": null,
            "UpperThresholdFatal": null,
            "UpperThresholdNonCritical": null
        },
        {
            "@odata.context": "/redfish/v1/$metadata#Power.Power",
            "@odata.type": "#Power.v1_7_3.Voltage",
            "@odata.id": "/redfish/v1/Chassis/System.Embedded.1/Power#/Voltages/21",
            "Name": "CPU1 PVNN PG",
            "MemberId": "21",
            "LowerThresholdCritical": null,
            "LowerThresholdFatal": null,
            "LowerThresholdNonCritical": null,
            "PhysicalContext": "CPU",
            "ReadingVolts": null,
            "SensorNumber": 30,
            "RelatedItem": [
                {
                    "@odata.id": "/redfish/v1/Systems/System.Embedded.1/Processors/CPU.Socket.1"
                }
            ],
            "Status": {
                "Health": "OK",
                "State": "Enabled"
            },
            "UpperThresholdCritical": null,
            "UpperThresholdFatal": null,
            "UpperThresholdNonCritical": null
        },
        {
            "@odata.context": "/redfish/v1/$metadata#Power.Power",
            "@odata.type": "#Power.v1_7_3.Voltage",
            "@odata.id": "/redfish/v1/Chassis/System.Embedded.1/Power#/Voltages/22",
            "Name": "CPU2 VCCD PG",
            "MemberId": "22",
            "LowerThresholdCritical": null,
            "LowerThresholdFatal": null,
            "LowerThresholdNonCritical": null,
            "PhysicalContext": "CPU",
            "ReadingVolts": null,
            "SensorNumber": 35,
            "RelatedItem": [
                {
                    "@odata.id": "/redfish/v1/Systems/System.Embedded.1/Processors/CPU.Socket.2"
                }
            ],
            "Status": {
                "Health": "OK",
                "State": "Enabled"
            },
            "UpperThresholdCritical": null,
            "UpperThresholdFatal": null,
            "UpperThresholdNonCritical": null
        },
        {
            "@odata.context": "/redfish/v1/$metadata#Power.Power",
            "@odata.type": "#Power.v1_7_3.Voltage",
            "@odata.id": "/redfish/v1/Chassis/System.Embedded.1/Power#/Voltages/23",
            "Name": "CPU2 HBM VPP PG",
            "MemberId": "23",
            "LowerThresholdCritical": null,
            "LowerThresholdFatal": null,
            "LowerThresholdNonCritical": null,
            "PhysicalContext": "CPU",
            "ReadingVolts": null,
            "SensorNumber": 36,
            "RelatedItem": [
                {
                    "@odata.id": "/redfish/v1/Systems/System.Embedded.1/Processors/CPU.Socket.2"
                }
            ],
            "Status": {
                "Health": "OK",
                "State": "Enabled"
            },
            "UpperThresholdCritical": null,
            "UpperThresholdFatal": null,
            "UpperThresholdNonCritical": null
        },
        {
            "@odata.context": "/redfish/v1/$metadata#Power.Power",
            "@odata.type": "#Power.v1_7_3.Voltage",
            "@odata.id": "/redfish/v1/Chassis/System.Embedded.1/Power#/Voltages/24",
            "Name": "CPU2 VCCFA PG",
            "MemberId": "24",
            "LowerThresholdCritical": null,
            "LowerThresholdFatal": null,
            "LowerThresholdNonCritical": null,
            "PhysicalContext": "CPU",
            "ReadingVolts": null,
            "SensorNumber": 37,
            "RelatedItem": [
                {
                    "@odata.id": "/redfish/v1/Systems/System.Embedded.1/Processors/CPU.Socket.2"
                }
            ],
            "Status": {
                "Health": "OK",
                "State": "Enabled"
            },
            "UpperThresholdCritical": null,
            "UpperThresholdFatal": null,
            "UpperThresholdNonCritical": null
        },
        {
            "@odata.context": "/redfish/v1/$metadata#Power.Power",
            "@odata.type": "#Power.v1_7_3.Voltage",
            "@odata.id": "/redfish/v1/Chassis/System.Embedded.1/Power#/Voltages/25",
            "Name": "CPU2 FIVRA PG",
            "MemberId": "25",
            "LowerThresholdCritical": null,
            "LowerThresholdFatal": null,
            "LowerThresholdNonCritical": null,
            "PhysicalContext": "CPU",
            "ReadingVolts": null,
            "SensorNumber": 38,
            "RelatedItem": [
                {
                    "@odata.id": "/redfish/v1/Systems/System.Embedded.1/Processors/CPU.Socket.2"
                }
            ],
            "Status": {
                "Health": "OK",
                "State": "Enabled"
            },
            "UpperThresholdCritical": null,
            "UpperThresholdFatal": null,
            "UpperThresholdNonCritical": null
        },
        {
            "@odata.context": "/redfish/v1/$metadata#Power.Power",
            "@odata.type": "#Power.v1_7_3.Voltage",
            "@odata.id": "/redfish/v1/Chassis/System.Embedded.1/Power#/Voltages/26",
            "Name": "CPU2 INFAON PG",
            "MemberId": "26",
            "LowerThresholdCritical": null,
            "LowerThresholdFatal": null,
            "LowerThresholdNonCritical": null,
            "PhysicalContext": "CPU",
            "ReadingVolts": null,
            "SensorNumber": 39,
            "RelatedItem": [
                {
                    "@odata.id": "/redfish/v1/Systems/System.Embedded.1/Processors/CPU.Socket.2"
                }
            ],
            "Status": {
                "Health": "OK",
                "State": "Enabled"
            },
            "UpperThresholdCritical": null,
            "UpperThresholdFatal": null,
            "UpperThresholdNonCritical": null
        },
        {
            "@odata.context": "/redfish/v1/$metadata#Power.Power",
            "@odata.type": "#Power.v1_7_3.Voltage",
            "@odata.id": "/redfish/v1/Chassis/System.Embedded.1/Power#/Voltages/27",
            "Name": "CPU2 PVNN PG",
            "MemberId": "27",
            "LowerThresholdCritical": null,
            "LowerThresholdFatal": null,
            "LowerThresholdNonCritical": null,
            "PhysicalContext": "CPU",
            "ReadingVolts": null,
            "SensorNumber": 40,
            "RelatedItem": [
                {
                    "@odata.id": "/redfish/v1/Systems/System.Embedded.1/Processors/CPU.Socket.2"
                }
            ],
            "Status": {
                "Health": "OK",
                "State": "Enabled"
            },
            "UpperThresholdCritical": null,
            "UpperThresholdFatal": null,
            "UpperThresholdNonCritical": null
        },
        {
            "@odata.context": "/redfish/v1/$metadata#Power.Power",
            "@odata.type": "#Power.v1_7_3.Voltage",
            "@odata.id": "/redfish/v1/Chassis/System.Embedded.1/Power#/Voltages/28",
            "Name": "CPU1 VCCIN VR",
            "MemberId": "28",
            "LowerThresholdCritical": null,
            "LowerThresholdFatal": null,
            "LowerThresholdNonCritical": null,
            "PhysicalContext": "CPU",
            "ReadingVolts": 1.78,
            "SensorNumber": 50,
            "RelatedItem": [
                {
                    "@odata.id": "/redfish/v1/Systems/System.Embedded.1/Processors/CPU.Socket.1"
                }
            ],
            "Status": {
                "Health": "OK",
                "State": "Enabled"
            },
            "UpperThresholdCritical": null,
            "UpperThresholdFatal": null,
            "UpperThresholdNonCritical": null
        },
        {
            "@odata.context": "/redfish/v1/$metadata#Power.Power",
            "@odata.type": "#Power.v1_7_3.Voltage",
            "@odata.id": "/redfish/v1/Chassis/System.Embedded.1/Power#/Voltages/29",
            "Name": "CPU2 VCCIN VR",
            "MemberId": "29",
            "LowerThresholdCritical": null,
            "LowerThresholdFatal": null,
            "LowerThresholdNonCritical": null,
            "PhysicalContext": "CPU",
            "ReadingVolts": 1.79,
            "SensorNumber": 53,
            "RelatedItem": [
                {
                    "@odata.id": "/redfish/v1/Systems/System.Embedded.1/Processors/CPU.Socket.2"
                }
            ],
            "Status": {
                "Health": "OK",
                "State": "Enabled"
            },
            "UpperThresholdCritical": null,
            "UpperThresholdFatal": null,
            "UpperThresholdNonCritical": null
        },
        {
            "@odata.context": "/redfish/v1/$metadata#Power.Power",
            "@odata.type": "#Power.v1_7_3.Voltage",
            "@odata.id": "/redfish/v1/Chassis/System.Embedded.1/Power#/Voltages/30",
            "Name": "CPU1 VCCFA VR",
            "MemberId": "30",
            "LowerThresholdCritical": null,
            "LowerThresholdFatal": null,
            "LowerThresholdNonCritical": null,
            "PhysicalContext": "CPU",
            "ReadingVolts": 1.03,
            "SensorNumber": 51,
            "RelatedItem": [
                {
                    "@odata.id": "/redfish/v1/Systems/System.Embedded.1/Processors/CPU.Socket.1"
                }
            ],
            "Status": {
                "Health": "OK",
                "State": "Enabled"
            },
            "UpperThresholdCritical": null,
            "UpperThresholdFatal": null,
            "UpperThresholdNonCritical": null
        },
        {
            "@odata.context": "/redfish/v1/$metadata#Power.Power",
            "@odata.type": "#Power.v1_7_3.Voltage",
            "@odata.id": "/redfish/v1/Chassis/System.Embedded.1/Power#/Voltages/31",
            "Name": "CPU2 VCCFA VR",
            "MemberId": "31",
            "LowerThresholdCritical": null,
            "LowerThresholdFatal": null,
            "LowerThresholdNonCritical": null,
            "PhysicalContext": "CPU",
            "ReadingVolts": 1.03,
            "SensorNumber": 54,
            "RelatedItem": [
                {
                    "@odata.id": "/redfish/v1/Systems/System.Embedded.1/Processors/CPU.Socket.2"
                }
            ],
            "Status": {
                "Health": "OK",
                "State": "Enabled"
            },
            "UpperThresholdCritical": null,
            "UpperThresholdFatal": null,
            "UpperThresholdNonCritical": null
        },
        {
            "@odata.context": "/redfish/v1/$metadata#Power.Power",
            "@odata.type": "#Power.v1_7_3.Voltage",
            "@odata.id": "/redfish/v1/Chassis/System.Embedded.1/Power#/Voltages/32",
            "Name": "CPU1 VCCD VR",
            "MemberId": "32",
            "LowerThresholdCritical": null,
            "LowerThresholdFatal": null,
            "LowerThresholdNonCritical": null,
            "PhysicalContext": "CPU",
            "ReadingVolts": 1.14,
            "SensorNumber": 52,
            "RelatedItem": [
                {
                    "@odata.id": "/redfish/v1/Systems/System.Embedded.1/Processors/CPU.Socket.1"
                }
            ],
            "Status": {
                "Health": "OK",
                "State": "Enabled"
            },
            "UpperThresholdCritical": null,
            "UpperThresholdFatal": null,
            "UpperThresholdNonCritical": null
        },
        {
            "@odata.context": "/redfish/v1/$metadata#Power.Power",
            "@odata.type": "#Power.v1_7_3.Voltage",
            "@odata.id": "/redfish/v1/Chassis/System.Embedded.1/Power#/Voltages/33",
            "Name": "CPU2 VCCD VR",
            "MemberId": "33",
            "LowerThresholdCritical": null,
            "LowerThresholdFatal": null,
            "LowerThresholdNonCritical": null,
            "PhysicalContext": "CPU",
            "ReadingVolts": 1.14,
            "SensorNumber": 55,
            "RelatedItem": [
                {
                    "@odata.id": "/redfish/v1/Systems/System.Embedded.1/Processors/CPU.Socket.2"
                }
            ],
            "Status": {
                "Health": "OK",
                "State": "Enabled"
            },
            "UpperThresholdCritical": null,
            "UpperThresholdFatal": null,
            "UpperThresholdNonCritical": null
        }
    ],
    "Voltages@odata.count": 34
}