{
    "@odata.context": "/redfish/v1/$metadata#ComponentIntegrityCollection.ComponentIntegrityCollection",
    "@odata.id": "/redfish/v1/ComponentIntegrity",
    "@odata.type": "#ComponentIntegrityCollection.ComponentIntegrityCollection",
    "Description": "Collection of ComponentIntegrity resources",
    "Members": [
        {
            "@odata.id": "/redfish/v1/ComponentIntegrity/RAID.SL.5-1"
        }
    ],
    "Members@odata.count": 1,
    "Name": "ComponentIntegrity Collection"
}