{
    "@odata.context": "/redfish/v1/$metadata#JsonSchemaFile.JsonSchemaFile",
    "@odata.id": "/redfish/v1/JsonSchemas/DellLocation",
    "@odata.type": "#JsonSchemaFile.v1_1_5.JsonSchemaFile",
    "Description": "DellLocation Schema File Location",
    "Id": "DellLocation",
    "Languages": [
        "en"
    ],
    "Languages@odata.count": 1,
    "Location": [
        {
            "Language": "en",
            "PublicationUri": "http://downloads.dell.com/redfish/bmc/schemas/DellLocation.json",
            "Uri": "/redfish/v1/Schemas/DellLocation.json"
        }
    ],
    "Location@odata.count": 1,
    "Name": "DellLocation Schema File",
    "Schema": "#DellLocation.DellLocation"
}