{
    "@odata.context": "/redfish/v1/$metadata#JsonSchemaFile.JsonSchemaFile",
    "@odata.id": "/redfish/v1/JsonSchemas/ContainerImage",
    "@odata.type": "#JsonSchemaFile.v1_1_5.JsonSchemaFile",
    "Description": "ContainerImage Schema File Location",
    "Id": "ContainerImage",
    "Languages": [
        "en"
    ],
    "Languages@odata.count": 1,
    "Location": [
        {
            "Language": "en",
            "PublicationUri": "http://redfish.dmtf.org/schemas/v1/ContainerImage.json",
            "Uri": "/redfish/v1/Schemas/ContainerImage.json"
        }
    ],
    "Location@odata.count": 1,
    "Name": "ContainerImage Schema File",
    "Schema": "#ContainerImage.ContainerImage"
}