{
    "@odata.context": "/redfish/v1/$metadata#JsonSchemaFile.JsonSchemaFile",
    "@odata.id": "/redfish/v1/JsonSchemas/CoolantConnector.v1_0_2",
    "@odata.type": "#JsonSchemaFile.v1_1_5.JsonSchemaFile",
    "Description": "CoolantConnector Schema File Location",
    "Id": "CoolantConnector.v1_0_2",
    "Languages": [
        "en"
    ],
    "Languages@odata.count": 1,
    "Location": [
        {
            "Language": "en",
            "PublicationUri": "http://redfish.dmtf.org/schemas/v1/CoolantConnector.v1_0_2.json",
            "Uri": "/redfish/v1/Schemas/CoolantConnector.v1_0_2.json"
        }
    ],
    "Location@odata.count": 1,
    "Name": "CoolantConnector Schema File",
    "Schema": "#CoolantConnector.v1_0_2.CoolantConnector"
}