{
    "@odata.context": "/redfish/v1/$metadata#PCIeDevice.PCIeDevice",
    "@odata.etag": "\"1743713438\"",
    "@odata.id": "/redfish/v1/Chassis/System.Embedded.1/PCIeDevices/61-0",
    "@odata.type": "#PCIeDevice.v1_14_0.PCIeDevice",
    "AssetTag": null,
    "Description": "BCM57414 NetXtreme-E 10Gb/25Gb RDMA Ethernet Controller",
    "DeviceType": "MultiFunction",
    "FirmwareVersion": "22.92.07.50",
    "Id": "61-0",
    "Links": {
        "Chassis": [
            {
                "@odata.id": "/redfish/v1/Chassis/System.Embedded.1"
            }
        ],
        "Chassis@odata.count": 1,
        "Oem": {
            "Dell": {
                "@odata.type": "#DellOem.v1_3_0.DellOemLinks",
                "CPUAffinity": [
                    {
                        "@odata.id": "/redfish/v1/Systems/System.Embedded.1/Processors/CPU.Socket.1"
                    }
                ],
                "CPUAffinity@odata.count": 1
            }
        },
        "PCIeFunctions": [
            {
                "@odata.id": "/redfish/v1/Chassis/System.Embedded.1/PCIeDevices/61-0/PCIeFunctions/61-0-1"
            },
            {
                "@odata.id": "/redfish/v1/Chassis/System.Embedded.1/PCIeDevices/61-0/PCIeFunctions/61-0-0"
            }
        ],
        "PCIeFunctions@odata.count": 2,
        "PCIeFunctions@Redfish.Deprecated": "Please migrate to PCIeFunctions property in the root resource."
    },
    "Manufacturer": "Broadcom Inc. and subsidiaries",
    "Model": "BRCM 2P 25G SFP 57414S OCP NIC",
    "Name": "BCM57414 NetXtreme-E 10Gb/25Gb RDMA Ethernet Controller",
    "PartNumber": "024FG6",
    "SKU": null,
    "SerialNumber": "VNFCBBA3490161",
    "Slot": {},
    "Status": {
        "State": "Enabled",
        "Health": "OK",
        "HealthRollup": "OK"
    },
    "PCIeFunctions": {
        "@odata.id": "/redfish/v1/Chassis/System.Embedded.1/PCIeDevices/61-0/PCIeFunctions"
    }
}