{
    "@odata.context": "/redfish/v1/$metadata#PCIeFunction.PCIeFunction",
    "@odata.etag": "\"1743713437\"",
    "@odata.type": "#PCIeFunction.v1_6_0.PCIeFunction",
    "@odata.id": "/redfish/v1/Chassis/System.Embedded.1/PCIeDevices/62-0/PCIeFunctions/62-0-0",
    "ClassCode": "0x010802",
    "Description": "BOSS-N1 Modular",
    "DeviceClass": "MassStorageController",
    "DeviceId": "0x2241",
    "Enabled": true,
    "FunctionId": 0,
    "FunctionType": "Physical",
    "Id": "62-0-0",
    "Links": {
        "StorageControllers": [
            {
                "@odata.id": "/redfish/v1/Systems/System.Embedded.1/Storage/BOSS.Integrated.1-1#/StorageControllers/0"
            }
        ],
        "StorageControllers@odata.count": 1,
        "Drives": [
            {
                "@odata.id": "/redfish/v1/Systems/System.Embedded.1/Storage/BOSS.Integrated.1-1/Drives/Disk.Direct.0-0_BOSS.Integrated.1-1"
            },
            {
                "@odata.id": "/redfish/v1/Systems/System.Embedded.1/Storage/BOSS.Integrated.1-1/Drives/Disk.Direct.1-1_BOSS.Integrated.1-1"
            }
        ],
        "Drives@odata.count": 2,
        "EthernetInterfaces": [],
        "EthernetInterfaces@odata.count": 0,
        "PCIeDevice": {
            "@odata.id": "/redfish/v1/Chassis/System.Embedded.1/PCIeDevices/62-0"
        }
    },
    "Name": "BOSS-N1 Modular",
    "Oem": {
        "Dell": {
            "@odata.type": "#DellChassisPCIeFunction.v1_1_0.DellPCIeFunction",
            "DellPCIeFunction": {
                "DataBusWidth": "4XOrX4",
                "LastSystemInventoryTime": "2025-04-03T20:50:10+00:00",
                "LastUpdateTime": "2025-04-03T21:50:09+00:00",
                "SlotLength": "Other",
                "SlotType": "Other",
                "Id": "BOSS.Integrated.1-1"
            }
        }
    },
    "RevisionId": "0x20",
    "Status": {
        "State": "Enabled",
        "Health": "OK",
        "HealthRollup": "OK"
    },
    "SubsystemId": "0x2113",
    "SubsystemVendorId": "0x1028",
    "VendorId": "0x1b4b"
}