{
    "@odata.context": "/redfish/v1/$metadata#PCIeDevice.PCIeDevice",
    "@odata.etag": "\"1743713439\"",
    "@odata.id": "/redfish/v1/Chassis/Enclosure.Internal.0-0_RAID.SL.5-1/PCIeDevices/80-0",
    "@odata.type": "#PCIeDevice.v1_14_0.PCIeDevice",
    "AssetTag": null,
    "Description": "PERC H965i Front",
    "DeviceType": "SingleFunction",
    "FirmwareVersion": "8.8.0.0.18-26",
    "Id": "80-0",
    "Links": {
        "Chassis": [
            {
                "@odata.id": "/redfish/v1/Chassis/Enclosure.Internal.0-1_RAID.SL.5-1"
            },
            {
                "@odata.id": "/redfish/v1/Chassis/Enclosure.Internal.0-0_RAID.SL.5-1"
            }
        ],
        "Chassis@odata.count": 1,
        "PCIeFunctions": [
            {
                "@odata.id": "/redfish/v1/Chassis/Enclosure.Internal.0-1_RAID.SL.5-1/PCIeDevices/80-0/PCIeFunctions/80-0-0"
            },
            {
                "@odata.id": "/redfish/v1/Chassis/Enclosure.Internal.0-0_RAID.SL.5-1/PCIeDevices/80-0/PCIeFunctions/80-0-0"
            }
        ],
        "PCIeFunctions@odata.count": 2,
        "PCIeFunctions@Redfish.Deprecated": "Please migrate to PCIeFunctions property in the root resource."
    },
    "Manufacturer": "Broadcom / LSI",
    "Model": null,
    "Name": "PERC H965i Front",
    "PartNumber": "0NG8NP",
    "SKU": null,
    "SerialNumber": "0",
    "Status": {
        "State": "Enabled",
        "Health": "OK",
        "HealthRollup": "OK"
    },
    "PCIeFunctions": {
        "@odata.id": "/redfish/v1/Chassis/Enclosure.Internal.0-1_RAID.SL.5-1/PCIeDevices/80-0/PCIeFunctions"
    }
}