{
    "@odata.context": "/redfish/v1/$metadata#JobCollection.JobCollection",
    "@odata.id": "/redfish/v1/JobService/Jobs",
    "@odata.type": "#JobCollection.JobCollection",
    "Description": "A Collection of Job resource instances",
    "Members": [
        {
            "@odata.id": "/redfish/v1/JobService/Jobs/JID_426109856351"
        },
        {
            "@odata.id": "/redfish/v1/JobService/Jobs/JID_426114758524"
        },
        {
            "@odata.id": "/redfish/v1/JobService/Jobs/JID_428475251906"
        },
        {
            "@odata.id": "/redfish/v1/JobService/Jobs/JID_428475253334"
        },
        {
            "@odata.id": "/redfish/v1/JobService/Jobs/JID_428475652971"
        },
        {
            "@odata.id": "/redfish/v1/JobService/Jobs/JID_428478022959"
        },
        {
            "@odata.id": "/redfish/v1/JobService/Jobs/JID_428481567799"
        },
        {
            "@odata.id": "/redfish/v1/JobService/Jobs/JID_428533938156"
        },
        {
            "@odata.id": "/redfish/v1/JobService/Jobs/JID_428538971876"
        },
        {
            "@odata.id": "/redfish/v1/JobService/Jobs/JID_430145393899"
        },
        {
            "@odata.id": "/redfish/v1/JobService/Jobs/JID_437128208696"
        }
    ],
    "Members@odata.count": 11,
    "Name": "JobCollection"
}