{
    "@odata.context": "/redfish/v1/$metadata#JsonSchemaFile.JsonSchemaFile",
    "@odata.id": "/redfish/v1/JsonSchemas/DataSecurityLineOfService.v1_1_1",
    "@odata.type": "#JsonSchemaFile.v1_1_5.JsonSchemaFile",
    "Description": "DataSecurityLineOfService Schema File Location",
    "Id": "DataSecurityLineOfService.v1_1_1",
    "Languages": [
        "en"
    ],
    "Languages@odata.count": 1,
    "Location": [
        {
            "Language": "en",
            "PublicationUri": "http://redfish.dmtf.org/schemas/swordfish/v1/DataSecurityLineOfService.v1_1_1.json",
            "Uri": "/redfish/v1/Schemas/DataSecurityLineOfService.v1_1_1.json"
        }
    ],
    "Location@odata.count": 1,
    "Name": "DataSecurityLineOfService Schema File",
    "Schema": "#DataSecurityLineOfService.v1_1_1.DataSecurityLineOfService"
}