{
    "@odata.context": "/redfish/v1/$metadata#Job.Job",
    "@odata.id": "/redfish/v1/JobService/Jobs/JID_428475253334",
    "@odata.type": "#Job.v1_2_4.Job",
    "Description": "Represent a job in Redfish",
    "Id": "JID_428475253334",
    "Name": "SupportAssist Collection",
    "JobState": "Completed",
    "JobStatus": "OK",
    "PercentComplete": 100,
    "StartTime": "2025-03-24T15:18:45-05:00",
    "EndTime": "2025-03-24T15:29:04-05:00",
    "Messages": [
        {
            "Message": "The SupportAssist Collection Operation is completed successfully.",
            "MessageId": "IDRAC.2.9.SRV088",
            "MessageArgs": [],
            "MessageArgs@odata.count": 0
        }
    ],
    "Messages@odata.count": 1
}