{
    "@odata.type": "#ThermalMetrics.v1_3_2.ThermalMetrics",
    "@odata.id": "/redfish/v1/Chassis/System.Embedded.1/ThermalSubsystem/ThermalMetrics",
    "@odata.context": "/redfish/v1/$metadata#ThermalMetrics.ThermalMetrics",
    "Id": "ThermalMetrics",
    "Name": "Chassis Thermal Metrics",
    "Description": "Represents the properties of Thermal Metrics of the chassis",
    "TemperatureSummaryCelsius": {
        "Internal": {
            "DataSourceUri": "/redfish/v1/Chassis/System.Embedded.1/Sensors/CPU1Temp",
            "Reading": 38.0
        },
        "Intake": {
            "DataSourceUri": "/redfish/v1/Chassis/System.Embedded.1/Sensors/SystemBoardInletTemp",
            "Reading": 19.0
        },
        "Exhaust": {
            "DataSourceUri": "/redfish/v1/Chassis/System.Embedded.1/Sensors/SystemBoardExhaustTemp",
            "Reading": 36.0
        }
    },
    "TemperatureReadingsCelsius": [
        {
            "Reading": 38.0,
            "DeviceName": "Internal",
            "DataSourceUri": "/redfish/v1/Chassis/System.Embedded.1/Sensors/CPU1Temp"
        },
        {
            "Reading": 35.0,
            "DeviceName": "Internal",
            "DataSourceUri": "/redfish/v1/Chassis/System.Embedded.1/Sensors/CPU2Temp"
        },
        {
            "Reading": 19.0,
            "DeviceName": "Intake",
            "DataSourceUri": "/redfish/v1/Chassis/System.Embedded.1/Sensors/SystemBoardInletTemp"
        },
        {
            "Reading": 36.0,
            "DeviceName": "Exhaust",
            "DataSourceUri": "/redfish/v1/Chassis/System.Embedded.1/Sensors/SystemBoardExhaustTemp"
        }
    ],
    "TemperatureReadingsCelsius@odata.count": 4
}