{
    "@odata.context": "/redfish/v1/$metadata#JsonSchemaFile.JsonSchemaFile",
    "@odata.id": "/redfish/v1/JsonSchemas/DellLogEntry",
    "@odata.type": "#JsonSchemaFile.v1_1_5.JsonSchemaFile",
    "Description": "DellLogEntry Schema File Location",
    "Id": "DellLogEntry",
    "Languages": [
        "en"
    ],
    "Languages@odata.count": 1,
    "Location": [
        {
            "Language": "en",
            "PublicationUri": "http://downloads.dell.com/redfish/bmc/schemas/DellLogEntry.json",
            "Uri": "/redfish/v1/Schemas/DellLogEntry.json"
        }
    ],
    "Location@odata.count": 1,
    "Name": "DellLogEntry Schema File",
    "Schema": "#DellLogEntry.DellLogEntry"
}