{
    "@odata.context": "/redfish/v1/$metadata#JsonSchemaFile.JsonSchemaFile",
    "@odata.id": "/redfish/v1/JsonSchemas/CoolingLoop.v1_0_3",
    "@odata.type": "#JsonSchemaFile.v1_1_5.JsonSchemaFile",
    "Description": "CoolingLoop Schema File Location",
    "Id": "CoolingLoop.v1_0_3",
    "Languages": [
        "en"
    ],
    "Languages@odata.count": 1,
    "Location": [
        {
            "Language": "en",
            "PublicationUri": "http://redfish.dmtf.org/schemas/v1/CoolingLoop.v1_0_3.json",
            "Uri": "/redfish/v1/Schemas/CoolingLoop.v1_0_3.json"
        }
    ],
    "Location@odata.count": 1,
    "Name": "CoolingLoop Schema File",
    "Schema": "#CoolingLoop.v1_0_3.CoolingLoop"
}