{
    "@odata.context": "/redfish/v1/$metadata#Assembly.Assembly",
    "@odata.type": "#Assembly.v1_5_1.Assembly",
    "@odata.id": "/redfish/v1/Chassis/System.Embedded.1/NetworkAdapters/NIC.Integrated.1/Assembly",
    "Assemblies": [
        {
            "@odata.type": "#Assembly.v1_5_1.AssemblyData",
            "@odata.id": "/redfish/v1/Chassis/System.Embedded.1/NetworkAdapters/NIC.Integrated.1/Assembly#/Assemblies/0",
            "BinaryDataURI": null,
            "Description": "BRCM 2P 25G SFP 57414S OCP NIC",
            "EngineeringChangeLevel": "A00",
            "MemberId": "0",
            "Model": "BRCM 2P 25G SFP 57414S OCP NIC",
            "Name": "NIC.Integrated.1#FRU",
            "Oem": {
                "Dell": {
                    "@odata.type": "#DellOem.v1_3_0.DellOemResources",
                    "DellAssembly": {
                        "Description": "This resource shall be used to represent an assembly information.",
                        "DeviceFQDD": "NIC.Integrated.1",
                        "Id": "NIC.Integrated.1_0x23_FRU",
                        "Name": "DellAssembly",
                        "PackageType": "Module/Card",
                        "SerialNumber": "VNFCBBA3490161",
                        "@odata.context": "/redfish/v1/$metadata#DellAssembly.DellAssembly",
                        "@odata.type": "#DellAssembly.v1_1_0.DellAssembly",
                        "@odata.id": "/redfish/v1/Chassis/System.Embedded.1/Oem/Dell/DellAssembly/NIC.Integrated.1_0x23_FRU"
                    }
                }
            },
            "PartNumber": "024FG6",
            "Producer": "Dell",
            "ProductionDate": "2023-04-12T08:45:00Z",
            "SKU": null,
            "SparePartNumber": null,
            "Vendor": "DELL",
            "Version": null
        }
    ],
    "Assemblies@odata.count": 1,
    "Description": "Represents the properties of Assembly for the device",
    "Id": "Assembly",
    "Name": "NIC.Integrated.1#FRU"
}