{
    "@odata.context": "/redfish/v1/$metadata#JsonSchemaFile.JsonSchemaFile",
    "@odata.id": "/redfish/v1/JsonSchemas/CoolingLoopCollection",
    "@odata.type": "#JsonSchemaFile.v1_1_5.JsonSchemaFile",
    "Description": "CoolingLoopCollection Schema File Location",
    "Id": "CoolingLoopCollection",
    "Languages": [
        "en"
    ],
    "Languages@odata.count": 1,
    "Location": [
        {
            "Language": "en",
            "PublicationUri": "http://redfish.dmtf.org/schemas/v1/CoolingLoopCollection.json",
            "Uri": "/redfish/v1/Schemas/CoolingLoopCollection.json"
        }
    ],
    "Location@odata.count": 1,
    "Name": "CoolingLoopCollection Schema File",
    "Schema": "#CoolingLoopCollection.CoolingLoopCollection"
}